,index,channelTitle,channelId.1,publishTime,title,videoId,description,videoURL,artist,song,desc_required
0,1,NoCopyrightSounds,UC_aEa8K-EOJ3D6gOs7HcyNg,2013-05-01T16:39:45Z,Disfigure - Blank [NCS Release],p7ZsBPK656s,Subscribe to NoCopyrightSounds http://ncs.lnk.to/SubscribeYouTube NCS (NoCopyrightSounds): Empowering Creators ...,https://www.youtube.com/watch?v=p7ZsBPK656s,Disfigure,Blank,"Track: Disfigure - Blank [NCS Release]
Music provided by NoCopyrightSounds.
Watch: https://youtu.be/p7ZsBPK656s
Free Download / Stream: https://ncs.io/Blank"
1,2,NoCopyrightSounds,UC_aEa8K-EOJ3D6gOs7HcyNg,2013-05-05T16:32:30Z,Spektrem - Shine [NCS Release],n4tK7LYFxI0,Subscribe to NoCopyrightSounds http://ncs.lnk.to/SubscribeYouTube NCS (NoCopyrightSounds): Empowering Creators ...,https://www.youtube.com/watch?v=n4tK7LYFxI0,Spektrem,Shine,"Track: Spektrem - Shine [NCS Release]
Music provided by NoCopyrightSounds.
Watch: https://youtu.be/n4tK7LYFxI0
Free Download / Stream: https://ncs.io/Shine"
2,3,NoCopyrightSounds,UC_aEa8K-EOJ3D6gOs7HcyNg,2013-11-13T17:43:42Z,Different Heaven &amp; EH!DE - My Heart [NCS Release],jK2aIUmmdP4,Subscribe to NoCopyrightSounds http://ncs.lnk.to/SubscribeYouTube NCS (NoCopyrightSounds): Empowering Creators ...,https://www.youtube.com/watch?v=jK2aIUmmdP4,Different Heaven &amp; EH!DE,My Heart,"Track: Different Heaven \u0026 EH!DE - My Heart [NCS Release]
Music provided by NoCopyrightSounds.
Watch: https://youtu.be/jK2aIUmmdP4
Free Download / Stream: https://ncs.io/MyHeart"
3,4,NoCopyrightSounds,UC_aEa8K-EOJ3D6gOs7HcyNg,2014-01-30T17:16:36Z,Aero Chord feat. DDARK - Shootin Stars [NCS Release],PTF5xgT-pm8,Subscribe to NoCopyrightSounds http://ncs.lnk.to/SubscribeYouTube NCS (NoCopyrightSounds): Empowering Creators ...,https://www.youtube.com/watch?v=PTF5xgT-pm8,Aero Chord feat. DDARK,Shootin Stars,"Track: Aero Chord feat. DDARK - Shootin Stars [NCS Release]
Music provided by NoCopyrightSounds.
Watch: https://youtu.be/h18gwLKQf_Q
Free Download / Stream: https://ncs.io/ShootinStars"
4,5,NoCopyrightSounds,UC_aEa8K-EOJ3D6gOs7HcyNg,2014-02-02T16:09:41Z,Audioscribe - Free Fall [NCS Release],8ciZGNmlWgo,Subscribe to NoCopyrightSounds http://ncs.lnk.to/SubscribeYouTube NCS : Copyright Free Music / Royalty Free Music / Stream ...,https://www.youtube.com/watch?v=8ciZGNmlWgo,Audioscribe,Free Fall,"Track: Audioscribe - Free Fall [NCS Release]
Music provided by NoCopyrightSounds.
Watch: https://youtu.be/8ciZGNmlWgo
Free Download / Stream: https://ncs.io/FreeFall"
5,6,NoCopyrightSounds,UC_aEa8K-EOJ3D6gOs7HcyNg,2014-02-16T16:07:16Z,Laszlo - Fall To Light [NCS Release],Lq2UrnDsI_s,Subscribe to NoCopyrightSounds http://ncs.lnk.to/SubscribeYouTube NCS (NoCopyrightSounds): Empowering Creators ...,https://www.youtube.com/watch?v=Lq2UrnDsI_s,Laszlo,Fall To Light,"Track: Laszlo - Fall To Light [NCS Release]
Music provided by NoCopyrightSounds.
Watch: https://youtu.be/Lq2UrnDsI_s
Free Download / Stream: https://ncs.io/FallToLight"
6,7,NoCopyrightSounds,UC_aEa8K-EOJ3D6gOs7HcyNg,2014-02-25T17:32:17Z,DM Galaxy - Paralyzed (feat. Tyler Fiore) [NCS Release],T-zcs6yDM3k,Subscribe to NoCopyrightSounds http://ncs.lnk.to/SubscribeYouTube NCS (NoCopyrightSounds): Empowering Creators ...,https://www.youtube.com/watch?v=T-zcs6yDM3k,DM Galaxy,Paralyzed (feat. Tyler Fiore),"Track: DM Galaxy - Paralyzed (feat. Tyler Fiore) [NCS Release]
Music provided by NoCopyrightSounds.
Watch: https://youtu.be/T-zcs6yDM3k
Free Download / Stream: https://ncs.io/paralyzed"
7,8,NoCopyrightSounds,UC_aEa8K-EOJ3D6gOs7HcyNg,2014-03-17T17:34:08Z,Codeko - Crest [NCS Release],q1jqaK49SgU,Subscribe to NoCopyrightSounds http://ncs.lnk.to/SubscribeYouTube NCS (NoCopyrightSounds): Empowering Creators ...,https://www.youtube.com/watch?v=q1jqaK49SgU,Codeko,Crest,"Track: Codeko - Crest [NCS Release]
Music provided by NoCopyrightSounds.
Watch: https://youtu.be/q1jqaK49SgU
Free Download / Stream: https://NCS.io/crest"
94,95,NoCopyrightSounds,UC_aEa8K-EOJ3D6gOs7HcyNg,2017-10-26T16:07:15Z,Lost Sky - Lost [NCS Release],h-nHdqC3pPs,Subscribe to NoCopyrightSounds http://ncs.lnk.to/SubscribeYouTube NCS: Music Without Limitations. Our Spotify Playlist ...,https://www.youtube.com/watch?v=h-nHdqC3pPs,Lost Sky,Lost,"Track: Lost Sky - Lost [NCS Release]
Music provided by NoCopyrightSounds.
Watch: https://youtu.be/h-nHdqC3pPs
Free Download / Stream: http://ncs.io/LostYO"
95,96,NoCopyrightSounds,UC_aEa8K-EOJ3D6gOs7HcyNg,2017-11-08T17:18:17Z,Dirty Palm - Oblivion (feat. Micah Martin) [NCS Release],8Yue9YYdNLM,Subscribe to NoCopyrightSounds http://ncs.lnk.to/SubscribeYouTube NCS: Music Without Limitations. Our Spotify Playlist ...,https://www.youtube.com/watch?v=8Yue9YYdNLM,Dirty Palm,Oblivion (feat. Micah Martin),"Track: Dirty Palm - Oblivion (feat. Micah Martin) [NCS Release]
Music provided by NoCopyrightSounds.
Watch: https://youtu.be/8Yue9YYdNLM
Free Download / Stream: http://ncs.io/OblivionYO"
96,97,NoCopyrightSounds,UC_aEa8K-EOJ3D6gOs7HcyNg,2017-12-10T16:25:30Z,Prismo - Stronger [NCS Release],IIwiM777OzQ,Subscribe to NoCopyrightSounds http://ncs.lnk.to/SubscribeYouTube NCS: Music Without Limitations. Our Spotify Playlist ...,https://www.youtube.com/watch?v=IIwiM777OzQ,Prismo,Stronger,"Track: Prismo - Stronger [NCS Release]
Music provided by NoCopyrightSounds.
Watch: https://youtu.be/IIwiM777OzQ"
97,98,NoCopyrightSounds,UC_aEa8K-EOJ3D6gOs7HcyNg,2017-12-27T17:04:24Z,Lost Sky - Fearless pt.II (feat. Chris Linton) [NCS Release],S19UcWdOA-I,Subscribe to NoCopyrightSounds http://ncs.lnk.to/SubscribeYouTube NCS: Music Without Limitations. Our Spotify Playlist ...,https://www.youtube.com/watch?v=S19UcWdOA-I,Lost Sky,Fearless pt.II (feat. Chris Linton),"Track: Lost Sky - Fearless pt.II (feat. Chris Linton) [NCS Release]
Music provided by NoCopyrightSounds.
Watch: https://youtu.be/S19UcWdOA-I
Free Download / Stream: http://ncs.io/Fearless2YO"
98,99,NoCopyrightSounds,UC_aEa8K-EOJ3D6gOs7HcyNg,2017-12-28T17:02:16Z,ElementD &amp; Chordinatez - Radiate (feat. Mees Van Den Berg) [NCS Release],KPdPJr20loE,Subscribe to NoCopyrightSounds http://ncs.lnk.to/SubscribeYouTube NCS: Music Without Limitations. Our Spotify Playlist ...,https://www.youtube.com/watch?v=KPdPJr20loE,ElementD &amp; Chordinatez,Radiate (feat. Mees Van Den Berg),"Track: ElementD \u0026 Chordinatez - Radiate (feat. Mees Van Den Berg) [NCS Release]
Music provided by NoCopyrightSounds.
Watch: https://youtu.be/KPdPJr20loE
Free Download / Stream: http://ncs.io/RadiateYO"
99,100,NoCopyrightSounds,UC_aEa8K-EOJ3D6gOs7HcyNg,2017-12-31T16:06:29Z,RetroVision - Puzzle VIP [NCS Release],WtaKxxZGCKc,Subscribe to NoCopyrightSounds http://ncs.lnk.to/SubscribeYouTube NCS: Music Without Limitations. Our Spotify Playlist ...,https://www.youtube.com/watch?v=WtaKxxZGCKc,RetroVision,Puzzle VIP,"Track: RetroVision - Puzzle VIP [NCS Release]
Music provided by NoCopyrightSounds.
Watch: https://youtu.be/WtaKxxZGCKc
Free Download / Stream: http://ncs.io/PuzzleVIPYO"
101,102,NoCopyrightSounds,UC_aEa8K-EOJ3D6gOs7HcyNg,2018-01-10T17:04:43Z,Far Out - Chains (feat. Alina Renae) [NCS Release],_RdMzr-xdmA,Subscribe to NoCopyrightSounds http://ncs.lnk.to/SubscribeYouTube NCS: Music Without Limitations. Our Spotify Playlist ...,https://www.youtube.com/watch?v=_RdMzr-xdmA,Far Out,Chains (feat. Alina Renae),"Track: Far Out - Chains (feat. Alina Renae) [NCS Release]
Music provided by NoCopyrightSounds.
Watch: https://youtu.be/_RdMzr-xdmA
Free Download / Stream: http://ncs.io/ChainsYO"
102,103,NoCopyrightSounds,UC_aEa8K-EOJ3D6gOs7HcyNg,2018-01-13T16:03:41Z,NIVIRO - Flares [NCS Release],V-mP3VU0DCg,Subscribe to NoCopyrightSounds http://ncs.lnk.to/SubscribeYouTube NCS: Music Without Limitations. Our Spotify Playlist ...,https://www.youtube.com/watch?v=V-mP3VU0DCg,NIVIRO,Flares,"Track: NIVIRO - Flares [NCS Release]
Music provided by NoCopyrightSounds.
Watch: https://youtu.be/V-mP3VU0DCg
Free Download / Stream: http://ncs.io/FlaresYO"
103,104,NoCopyrightSounds,UC_aEa8K-EOJ3D6gOs7HcyNg,2018-01-24T17:04:33Z,3rd Prototype - Dancefloor [NCS Release],ZLohS_HScwc,Subscribe to NoCopyrightSounds http://ncs.lnk.to/SubscribeYouTube NCS: Music Without Limitations. Our Spotify Playlist ...,https://www.youtube.com/watch?v=ZLohS_HScwc,3rd Prototype,Dancefloor,"Track: 3rd Prototype - Dancefloor [NCS Release]
Music provided by NoCopyrightSounds.
Watch: https://youtu.be/ZLohS_HScwc
Free Download / Stream: http://ncs.io/DancefloorYO"
104,105,NoCopyrightSounds,UC_aEa8K-EOJ3D6gOs7HcyNg,2018-02-22T17:07:06Z,Clarx - H.A.Y [NCS Release],mj9KRKSvdbk,Subscribe to NoCopyrightSounds http://ncs.lnk.to/SubscribeYouTube NCS (NoCopyrightSounds): Empowering Creators ...,https://www.youtube.com/watch?v=mj9KRKSvdbk,Clarx,H.A.Y,"Track: Clarx - H.A.Y [NCS Release]
Music provided by NoCopyrightSounds.
Watch: https://youtu.be/mj9KRKSvdbk
Free Download / Stream: http://ncs.io/HAYYO"
105,106,NoCopyrightSounds,UC_aEa8K-EOJ3D6gOs7HcyNg,2018-02-24T16:12:33Z,Culture Code - Feel Again (feat. Harley Bird) [NCS Release],YGLA_V_yZXo,Subscribe to NoCopyrightSounds http://ncs.lnk.to/SubscribeYouTube NCS (NoCopyrightSounds): Empowering Creators ...,https://www.youtube.com/watch?v=YGLA_V_yZXo,Culture Code,Feel Again (feat. Harley Bird),"Track: Culture Code - Feel Again (feat. Harley Bird) [NCS Release]
Music provided by NoCopyrightSounds.
Watch: https://youtu.be/YGLA_V_yZXo
Free Download / Stream: http://ncs.io/FeelAgain"
106,107,NoCopyrightSounds,UC_aEa8K-EOJ3D6gOs7HcyNg,2018-03-03T16:12:15Z,Andromedik - Let Me In [NCS Release],DdISOatomY4,Subscribe to NoCopyrightSounds http://ncs.lnk.to/SubscribeYouTube NCS (NoCopyrightSounds): Empowering Creators ...,https://www.youtube.com/watch?v=DdISOatomY4,Andromedik,Let Me In,"Track: Andromedik - Let Me In [NCS Release]
Music provided by NoCopyrightSounds.
Watch: https://youtu.be/DdISOatomY4
Free Download / Stream: http://ncs.io/LetMeIn"
107,108,NoCopyrightSounds,UC_aEa8K-EOJ3D6gOs7HcyNg,2018-03-17T16:13:13Z,Lemon Fight - Stronger (feat. Jessica Reynoso) [NCS Release],gDwVGS75sUA,Subscribe to NoCopyrightSounds http://ncs.lnk.to/SubscribeYouTube NCS (NoCopyrightSounds): Empowering Creators ...,https://www.youtube.com/watch?v=gDwVGS75sUA,Lemon Fight,Stronger (feat. Jessica Reynoso),"Track: Lemon Fight - Stronger (feat. Jessica Reynoso) [NCS Release]
Music provided by NoCopyrightSounds.
Watch: https://youtu.be/gDwVGS75sUA
Free Download / Stream: http://ncs.io/LFstrongerYO"
108,109,NoCopyrightSounds,UC_aEa8K-EOJ3D6gOs7HcyNg,2018-04-07T15:08:15Z,Raven &amp; Kreyn - Bubble [NCS Release],kF6lrNkC9bo,Subscribe to NoCopyrightSounds http://ncs.lnk.to/SubscribeYouTube NCS (NoCopyrightSounds): Empowering Creators ...,https://www.youtube.com/watch?v=kF6lrNkC9bo,Raven &amp; Kreyn,Bubble,"Track: Raven \u0026 Kreyn - Bubble [NCS Release]
Music provided by NoCopyrightSounds.
Watch: https://youtu.be/kF6lrNkC9bo
Free Download / Stream: http://ncs.io/BubbleYO"
109,110,NoCopyrightSounds,UC_aEa8K-EOJ3D6gOs7HcyNg,2018-04-12T16:04:11Z,Fareoh - Under Water [NCS Release],xzyRoshFFaA,Subscribe to NoCopyrightSounds http://ncs.lnk.to/SubscribeYouTube NCS (NoCopyrightSounds): Empowering Creators ...,https://www.youtube.com/watch?v=xzyRoshFFaA,Fareoh,Under Water,"Track: Fareoh - Under Water [NCS Release]
Music provided by NoCopyrightSounds.
Watch: https://youtu.be/xzyRoshFFaA
Free Download / Stream: http://ncs.io/UnderWaterYO"
110,111,NoCopyrightSounds,UC_aEa8K-EOJ3D6gOs7HcyNg,2018-04-21T15:44:34Z,Unknown Brain - Why Do I? (feat. Bri Tolani) [NCS Release],tcHJodG5hX8,Subscribe to NoCopyrightSounds http://ncs.lnk.to/SubscribeYouTube NCS (NoCopyrightSounds): Empowering Creators ...,https://www.youtube.com/watch?v=tcHJodG5hX8,Unknown Brain,Why Do I? (feat. Bri Tolani),"Track: Unknown Brain - Why Do I? (ft. Bri Tolani) [NCS Release]
Music provided by NoCopyrightSounds.
Watch: https://youtu.be/tcHJodG5hX8
Free Download / Stream: http://ncs.io/WhyDoIYO"
111,112,NoCopyrightSounds,UC_aEa8K-EOJ3D6gOs7HcyNg,2018-04-26T16:18:15Z,Rival x Cadmium - Seasons (feat. Harley Bird) [Futuristik &amp; Whogaux Remix] [NCS Release],PwJVaJJ664g,Subscribe to NoCopyrightSounds http://ncs.lnk.to/SubscribeYouTube NCS (NoCopyrightSounds): Empowering Creators ...,https://www.youtube.com/watch?v=PwJVaJJ664g,Rival x Cadmium,Seasons (feat. Harley Bird) [Futuristik &amp; Whogaux Remix],"Track: Rival x Cadmium - Seasons (feat. Harley Bird) [Futuristik \u0026 Whogaux Remix] [NCS Release]
Music provided by NoCopyrightSounds.
Watch: https://youtu.be/PwJVaJJ664g
Free Download / Stream: http://ncs.io/SeasonsRemixYO"
112,113,NoCopyrightSounds,UC_aEa8K-EOJ3D6gOs7HcyNg,2018-05-03T16:10:01Z,NIVIRO - Memes [NCS Release],hgXZQfHySDw,Subscribe to NoCopyrightSounds http://ncs.lnk.to/SubscribeYouTube NCS (NoCopyrightSounds): Empowering Creators ...,https://www.youtube.com/watch?v=hgXZQfHySDw,NIVIRO,Memes,"Track: NIVIRO - Memes [NCS Release]
Music provided by NoCopyrightSounds.
Watch: https://youtu.be/hgXZQfHySDw
Free Download / Stream: http://ncs.io/MemesYO"
113,114,NoCopyrightSounds,UC_aEa8K-EOJ3D6gOs7HcyNg,2018-05-09T17:05:30Z,Clarx - Zig Zag [NCS Release],CLEWmT_8ppM,Subscribe to NoCopyrightSounds http://ncs.lnk.to/SubscribeYouTube NCS (NoCopyrightSounds): Empowering Creators ...,https://www.youtube.com/watch?v=CLEWmT_8ppM,Clarx,Zig Zag,"Track: Clarx - Zig Zag [NCS Release]
Music provided by NoCopyrightSounds.
Watch: https://youtu.be/CLEWmT_8ppM
Free Download / Stream: http://ncs.io/ZigZagYO"
115,116,NoCopyrightSounds,UC_aEa8K-EOJ3D6gOs7HcyNg,2018-06-29T16:06:19Z,Rogers &amp; Dean - No Doubt (Rival x Cadmium Remix) [NCS Release],Hwl8d5Fp-Jk,Subscribe to NoCopyrightSounds http://ncs.lnk.to/SubscribeYouTube NCS (NoCopyrightSounds): Empowering Creators ...,https://www.youtube.com/watch?v=Hwl8d5Fp-Jk,Rogers &amp; Dean,No Doubt (Rival x Cadmium Remix),"Track: Rogers \u0026 Dean - No Doubt (Rival x Cadmium Remix)  [NCS Release]
Music provided by NoCopyrightSounds.
Free Download / Stream: http://ncs.io/NoDoubtRemixYO"
116,117,NoCopyrightSounds,UC_aEa8K-EOJ3D6gOs7HcyNg,2018-06-30T15:10:45Z,WATEVA - Ber Zer Ker [NCS Release],pIzq5BmcKF4,Subscribe to NoCopyrightSounds http://ncs.lnk.to/SubscribeYouTube NCS (NoCopyrightSounds): Empowering Creators ...,https://www.youtube.com/watch?v=pIzq5BmcKF4,WATEVA,Ber Zer Ker,"Track: WATEVA - Ber Zer Ker [NCS Release]
Music provided by NoCopyrightSounds.
Watch: https://youtu.be/pIzq5BmcKF4
Free Download / Stream: http://ncs.io/BerZerKer/YO"
117,118,NoCopyrightSounds,UC_aEa8K-EOJ3D6gOs7HcyNg,2018-07-17T16:18:56Z,Diviners - Falling (feat. Harley Bird) [NCS Release],OtzIeRvDvrg,Subscribe to NoCopyrightSounds http://ncs.lnk.to/SubscribeYouTube NCS (NoCopyrightSounds): Empowering Creators ...,https://www.youtube.com/watch?v=OtzIeRvDvrg,Diviners,Falling (feat. Harley Bird),"Track: Diviners - Falling (feat. Harley Bird) [NCS Release]
Music provided by NoCopyrightSounds.
Watch: https://youtu.be/OtzIeRvDvrg
Free Download / Stream: http://ncs.io/DHBFallingYO"
118,119,NoCopyrightSounds,UC_aEa8K-EOJ3D6gOs7HcyNg,2018-07-21T15:06:45Z,Jim Yosef &amp; Alex Skrindo - Ruby[NCS Release],Np-Y8ClGgRk,Subscribe to NoCopyrightSounds http://ncs.lnk.to/SubscribeYouTube NCS (NoCopyrightSounds): Empowering Creators ...,https://www.youtube.com/watch?v=Np-Y8ClGgRk,Jim Yosef &amp; Alex Skrindo,,"Track: Jim Yosef \u0026 Alex Skrindo - Ruby [NCS Release]
Music provided by NoCopyrightSounds.
Watch: https://youtu.be/Np-Y8ClGgRk
Free Download / Stream: http://ncs.io/RubyYO"
119,120,NoCopyrightSounds,UC_aEa8K-EOJ3D6gOs7HcyNg,2018-07-25T16:07:34Z,Dirty Palm - Freakshow (feat. LexBlaze) [NCS Release],2jwj9wVx3mg,Subscribe to NoCopyrightSounds http://ncs.lnk.to/SubscribeYouTube NCS (NoCopyrightSounds): Empowering Creators ...,https://www.youtube.com/watch?v=2jwj9wVx3mg,Dirty Palm,Freakshow (feat. LexBlaze),"Track: Dirty Palm - Freakshow (feat. LexBlaze) [NCS Release]
Music provided by NoCopyrightSounds.
Watch: https://youtu.be/2jwj9wVx3mg
Free Download / Stream: http://ncs.io/FreakshowYO"
120,121,NoCopyrightSounds,UC_aEa8K-EOJ3D6gOs7HcyNg,2018-07-28T15:08:23Z,Lost Sky - Dreams [NCS Release],SHFTHDncw0g,Subscribe to NoCopyrightSounds http://ncs.lnk.to/SubscribeYouTube NCS (NoCopyrightSounds): Empowering Creators ...,https://www.youtube.com/watch?v=SHFTHDncw0g,Lost Sky,Dreams,"Track: Lost Sky - Dreams [NCS Release]
Music provided by NoCopyrightSounds.
Watch: https://youtu.be/SHFTHDncw0g
Free Download / Stream: http://ncs.io/DreamsYO"
121,122,NoCopyrightSounds,UC_aEa8K-EOJ3D6gOs7HcyNg,2018-08-11T15:39:55Z,Robin Hustin x TobiMorrow - Light It Up (feat. Jex) [NCS Release],bdE_SyHad90,Subscribe to NoCopyrightSounds http://ncs.lnk.to/SubscribeYouTube NCS (NoCopyrightSounds): Empowering Creators ...,https://www.youtube.com/watch?v=bdE_SyHad90,Robin Hustin x TobiMorrow,Light It Up (feat. Jex),"Track: Robin Hustin x TobiMorrow - Light It Up (feat. Jex) [NCS Release]
Music provided by NoCopyrightSounds.
Watch: https://youtu.be/bdE_SyHad90
Free Download / Stream: http://ncs.io/LightitupYO"
122,123,NoCopyrightSounds,UC_aEa8K-EOJ3D6gOs7HcyNg,2018-09-01T15:03:01Z,RetroVision - Hope [NCS Release],4ukOvwQmJvE,Subscribe to NoCopyrightSounds http://ncs.lnk.to/SubscribeYouTube NCS (NoCopyrightSounds): Empowering Creators ...,https://www.youtube.com/watch?v=4ukOvwQmJvE,RetroVision,Hope,"Track: RetroVision - Hope [NCS Release]
Music provided by NoCopyrightSounds.
Watch: https://youtu.be/4ukOvwQmJvE
Free Download / Stream: http://ncs.io/RVHopeYO"
123,124,NoCopyrightSounds,UC_aEa8K-EOJ3D6gOs7HcyNg,2018-09-15T15:08:19Z,NIVIRO ft. PollyAnna - Fast Lane [NCS Release],DqUQW3xyQ1c,Subscribe to NoCopyrightSounds http://ncs.lnk.to/SubscribeYouTube NCS (NoCopyrightSounds): Empowering Creators ...,https://www.youtube.com/watch?v=DqUQW3xyQ1c,NIVIRO ft. PollyAnna,Fast Lane,"Track: NIVIRO ft. PollyAnna - Fast Lane [NCS Release]
Music provided by NoCopyrightSounds.
Watch: https://youtu.be/DqUQW3xyQ1c
Free Download / Stream: http://ncs.io/FastLaneYO"
124,125,NoCopyrightSounds,UC_aEa8K-EOJ3D6gOs7HcyNg,2018-09-22T15:08:03Z,RMCM &amp; James Roche - Diamonds (feat. Micah Martin) [NCS Release],NN9upfPLD0U,Subscribe to NoCopyrightSounds http://ncs.lnk.to/SubscribeYouTube NCS (NoCopyrightSounds): Empowering Creators ...,https://www.youtube.com/watch?v=NN9upfPLD0U,RMCM &amp; James Roche,Diamonds (feat. Micah Martin),"Track: RMCM \u0026 James Roche - Diamonds (feat. Micah Martin) [NCS Release]
Music provided by NoCopyrightSounds.
Watch: https://youtu.be/NN9upfPLD0U
Free Download / Stream: http://ncs.io/DiamondsYO"
125,126,NoCopyrightSounds,UC_aEa8K-EOJ3D6gOs7HcyNg,2018-10-06T15:32:55Z,Debris &amp; RudeLies - Animal (feat. Jex) [NCS Release],gU-VTxg2pxw,Subscribe to NoCopyrightSounds http://ncs.lnk.to/SubscribeYouTube NCS (NoCopyrightSounds): Empowering Creators ...,https://www.youtube.com/watch?v=gU-VTxg2pxw,Debris &amp; RudeLies,Animal (feat. Jex),"Track: Debris \u0026 RudeLies - Animal (feat. Jex) [NCS Release]
Music provided by NoCopyrightSounds.
Watch: https://youtu.be/gU-VTxg2pxw
Free Download / Stream: http://ncs.io/AnimalYO"
126,127,NoCopyrightSounds,UC_aEa8K-EOJ3D6gOs7HcyNg,2018-10-10T16:16:27Z,Last Heroes x TwoWorldsApart - Eclipse (feat. AERYN) [NCS Release],QSJljnPhiHI,Subscribe to NoCopyrightSounds http://ncs.lnk.to/SubscribeYouTube NCS (NoCopyrightSounds): Empowering Creators ...,https://www.youtube.com/watch?v=QSJljnPhiHI,Last Heroes x TwoWorldsApart,Eclipse (feat. AERYN),"Track: Last Heroes x TwoWorldsApart - Eclipse (feat. AERYN) [NCS Release]
Music provided by NoCopyrightSounds.
Watch: https://youtu.be/QSJljnPhiHI
Free Download / Stream: http://ncs.io/EclipseYO"
127,128,NoCopyrightSounds,UC_aEa8K-EOJ3D6gOs7HcyNg,2018-10-13T16:21:36Z,3rd Prototype - I Know [NCS Release],ZRnrjxDKv6Q,Subscribe to NoCopyrightSounds http://ncs.lnk.to/SubscribeYouTube NCS (NoCopyrightSounds): Empowering Creators ...,https://www.youtube.com/watch?v=ZRnrjxDKv6Q,3rd Prototype,I Know,"Track: 3rd Prototype - I Know [NCS Release]
Music provided by NoCopyrightSounds.
Watch: https://youtu.be/ZRnrjxDKv6Q
Free Download / Stream: http://ncs.io/IKnowYO"
128,129,NoCopyrightSounds,UC_aEa8K-EOJ3D6gOs7HcyNg,2018-10-17T16:23:36Z,Diamond Eyes - Flutter [NCS Release],lEHM9HZf0IA,Subscribe to NoCopyrightSounds http://ncs.lnk.to/SubscribeYouTube NCS (NoCopyrightSounds): Empowering Creators ...,https://www.youtube.com/watch?v=lEHM9HZf0IA,Diamond Eyes,Flutter,"Track: Diamond Eyes - Flutter [NCS Release]
Music provided by NoCopyrightSounds.
Watch: https://youtu.be/lEHM9HZf0IA
Free Download / Stream: http://ncs.io/FlutterYO"
129,130,NoCopyrightSounds,UC_aEa8K-EOJ3D6gOs7HcyNg,2018-10-20T15:26:50Z,Unknown Brain x Rival - Control (feat. Jex) [NCS Release],bLZHcnuqscU,Subscribe to NoCopyrightSounds http://ncs.lnk.to/SubscribeYouTube NCS (NoCopyrightSounds): Empowering Creators ...,https://www.youtube.com/watch?v=bLZHcnuqscU,Unknown Brain x Rival,Control (feat. Jex),"Track: Unknown Brain x Rival - Control (feat. Jex) [NCS Release]
Music provided by NoCopyrightSounds.
Watch: https://youtu.be/bLZHcnuqscU
Free Download / Stream: http://ncs.io/ControlYO"
130,131,NoCopyrightSounds,UC_aEa8K-EOJ3D6gOs7HcyNg,2018-10-25T17:06:36Z,Barren Gates &amp; M.I.M.E - Enslaved [NCS Release],XEymPGxopmg,Subscribe to NoCopyrightSounds http://ncs.lnk.to/SubscribeYouTube NCS (NoCopyrightSounds): Empowering Creators ...,https://www.youtube.com/watch?v=XEymPGxopmg,Barren Gates &amp; M.I.M.E,Enslaved,"Track: Barren Gates \u0026 M.I.M.E - Enslaved [NCS Release]
Music provided by NoCopyrightSounds.
Watch: https://youtu.be/XEymPGxopmg
Free Download / Stream: http://ncs.io/EnslavedYO"
131,132,NoCopyrightSounds,UC_aEa8K-EOJ3D6gOs7HcyNg,2018-10-27T15:14:27Z,Julius Dreisig &amp; Zeus X Crona - Invisible [NCS Release],QglaLzo_aPk,Subscribe to NoCopyrightSounds http://ncs.lnk.to/SubscribeYouTube NCS (NoCopyrightSounds): Empowering Creators ...,https://www.youtube.com/watch?v=QglaLzo_aPk,Julius Dreisig &amp; Zeus X Crona,Invisible,"Track: Julius Dreisig \u0026 Zeus X Crona - Invisible [NCS Release]
Music provided by NoCopyrightSounds.
Watch: https://youtu.be/QglaLzo_aPk
Free Download / Stream: http://ncs.io/InvisibleYO"
132,133,NoCopyrightSounds,UC_aEa8K-EOJ3D6gOs7HcyNg,2018-11-10T16:11:35Z,Raven &amp; Kreyn - Muffin [NCS Release],rc5SMO5bvx0,Subscribe to NoCopyrightSounds http://ncs.lnk.to/SubscribeYouTube NCS (NoCopyrightSounds): Empowering Creators ...,https://www.youtube.com/watch?v=rc5SMO5bvx0,Raven &amp; Kreyn,Muffin,"Track: Raven \u0026 Kreyn - Muffin [NCS Release]
Music provided by NoCopyrightSounds.
Watch: https://youtu.be/rc5SMO5bvx0
Free Download / Stream: http://ncs.io/MuffinYO"
133,134,NoCopyrightSounds,UC_aEa8K-EOJ3D6gOs7HcyNg,2018-11-18T16:16:45Z,Lemon Fight - Stronger (feat. Jessica Reynoso) [Champion Remix] | NCS Release,yZfyQ0MAMmo,Subscribe to NoCopyrightSounds http://ncs.lnk.to/SubscribeYouTube NCS (NoCopyrightSounds): Empowering Creators ...,https://www.youtube.com/watch?v=yZfyQ0MAMmo,Lemon Fight,,"Track: Lemon Fight - Stronger (feat. Jessica Reynoso) [Champion Remix] | NCS Release
Music provided by NoCopyrightSounds.
Watch: https://youtu.be/yZfyQ0MAMmo
Free Download / Stream: http://ncs.io/StrongerChampionRemixYO"
134,135,NoCopyrightSounds,UC_aEa8K-EOJ3D6gOs7HcyNg,2018-11-24T16:14:21Z,Rival x Cadmium - Willow Tree (feat. Rosendale)  [NCS Release],kddC4gi72UE,Subscribe to NoCopyrightSounds http://ncs.lnk.to/SubscribeYouTube NCS (NoCopyrightSounds): Empowering Creators ...,https://www.youtube.com/watch?v=kddC4gi72UE,Rival x Cadmium,Willow Tree (feat. Rosendale) ,"Track: Rival x Cadmium - Willow Tree (feat. Rosendale)  [NCS Release]
Music provided by NoCopyrightSounds.
Watch: https://youtu.be/kddC4gi72UE
Free Download / Stream: http://ncs.io/WillowTreeYO"
135,136,NoCopyrightSounds,UC_aEa8K-EOJ3D6gOs7HcyNg,2018-11-28T17:31:27Z,Andromedik - Titan [NCS Release],OYYjov81x44,Subscribe to NoCopyrightSounds http://ncs.lnk.to/SubscribeYouTube NCS (NoCopyrightSounds): Empowering Creators ...,https://www.youtube.com/watch?v=OYYjov81x44,Andromedik,Titan,"Track: Andromedik - Titan [NCS Release]
Music provided by NoCopyrightSounds.
Watch: https://youtu.be/OYYjov81x44
Free Download / Stream: http://ncs.io/TitanYO"
136,137,NoCopyrightSounds,UC_aEa8K-EOJ3D6gOs7HcyNg,2018-12-04T17:11:08Z,Koven - Never Have I Felt This [NCS Release],-7fuHEEmEjs,Subscribe to NoCopyrightSounds http://ncs.lnk.to/SubscribeYouTube NCS (NoCopyrightSounds): Empowering Creators ...,https://www.youtube.com/watch?v=-7fuHEEmEjs,Koven,Never Have I Felt This,"Track: Koven - Never Have I Felt This [NCS Release]
Music provided by NoCopyrightSounds.
Watch: https://youtu.be/-7fuHEEmEjs
Free Download / Stream: http://ncs.io/NeverHaveIFeltThisYO"
137,138,NoCopyrightSounds,UC_aEa8K-EOJ3D6gOs7HcyNg,2018-12-08T16:09:42Z,Distrion &amp; Electro-Light - Drakkar [NCS Release],YJTae5ScvQA,Subscribe to NoCopyrightSounds http://ncs.lnk.to/SubscribeYouTube NCS (NoCopyrightSounds): Empowering Creators ...,https://www.youtube.com/watch?v=YJTae5ScvQA,Distrion &amp; Electro-Light,Drakkar,"Track: Distrion \u0026 Electro-Light - Drakkar [NCS Release]
Music provided by NoCopyrightSounds.
Watch: https://youtu.be/YJTae5ScvQA
Free Download / Stream: http://ncs.io/DrakkarYO"
138,139,NoCopyrightSounds,UC_aEa8K-EOJ3D6gOs7HcyNg,2018-12-11T17:18:11Z,WiDE AWAKE - Something More [NCS Release],ke-uyk8qylU,Subscribe to NoCopyrightSounds http://ncs.lnk.to/SubscribeYouTube NCS (NoCopyrightSounds): Empowering Creators ...,https://www.youtube.com/watch?v=ke-uyk8qylU,WiDE AWAKE,Something More,"Track: WiDE AWAKE - Something More [NCS Release]
Music provided by NoCopyrightSounds.
Watch: https://youtu.be/ke-uyk8qylU
Free Download / Stream: http://ncs.io/-SomethingMoreYO"
139,140,NoCopyrightSounds,UC_aEa8K-EOJ3D6gOs7HcyNg,2018-12-22T16:08:05Z,Diamond Eyes - Hold On [NCS Release],-KHmQUWCrYk,Subscribe to NoCopyrightSounds http://ncs.lnk.to/SubscribeYouTube NCS (NoCopyrightSounds): Empowering Creators ...,https://www.youtube.com/watch?v=-KHmQUWCrYk,Diamond Eyes,Hold On,"Track: Diamond Eyes - Hold On [NCS Release]
Music provided by NoCopyrightSounds.
Watch: https://youtu.be/-KHmQUWCrYk
Free Download / Stream: http://ncs.io/DEHoldOnYO"
140,141,NoCopyrightSounds,UC_aEa8K-EOJ3D6gOs7HcyNg,2018-12-25T16:03:11Z,Lost Sky - Dreams pt. II (feat. Sara Skinner) [NCS Release],L7kF4MXXCoA,Subscribe to NoCopyrightSounds http://ncs.lnk.to/SubscribeYouTube NCS (NoCopyrightSounds): Empowering Creators ...,https://www.youtube.com/watch?v=L7kF4MXXCoA,Lost Sky,Dreams pt. II (feat. Sara Skinner),"Track: Lost Sky - Dreams pt. II (feat. Sara Skinner) [NCS Release]
Music provided by NoCopyrightSounds.
Watch: https://youtu.be/L7kF4MXXCoA
Free Download / Stream: http://ncs.io/Dreams2YO"
141,142,NoCopyrightSounds,UC_aEa8K-EOJ3D6gOs7HcyNg,2019-01-02T18:00:03Z,NIVIRO - Diamond [NCS Release],cjdJLgVAaWY,Subscribe to NoCopyrightSounds http://ncs.lnk.to/SubscribeYouTube NCS (NoCopyrightSounds): Empowering Creators ...,https://www.youtube.com/watch?v=cjdJLgVAaWY,NIVIRO,Diamond,"Track: NIVIRO - Diamond [NCS Release]
Music provided by NoCopyrightSounds.
Watch: https://youtu.be/cjdJLgVAaWY
Free Download / Stream: http://ncs.io/DiamondYO"
142,143,NoCopyrightSounds,UC_aEa8K-EOJ3D6gOs7HcyNg,2019-01-05T16:08:39Z,Sub Urban - Cradles [NCS Release],Hn4sfC2PbhI,Subscribe to NoCopyrightSounds http://ncs.lnk.to/SubscribeYouTube NCS (NoCopyrightSounds): Empowering Creators ...,https://www.youtube.com/watch?v=Hn4sfC2PbhI,Sub Urban,Cradles,"Track: Sub Urban - Cradles [NCS Release]
Music provided by NoCopyrightSounds.
Watch: https://youtu.be/Hn4sfC2PbhI
Free Download / Stream: http://ncs.io/CradlesYO"
143,144,NoCopyrightSounds,UC_aEa8K-EOJ3D6gOs7HcyNg,2019-01-11T18:05:26Z,Prismo - Stronger (Raiko Remix) [NCS Release],pqYWDvV0I28,Subscribe to NoCopyrightSounds http://ncs.lnk.to/SubscribeYouTube NCS (NoCopyrightSounds): Empowering Creators ...,https://www.youtube.com/watch?v=pqYWDvV0I28,Prismo,Stronger (Raiko Remix),"Track: Prismo - Stronger (Raiko Remix) [NCS Release]
Music provided by NoCopyrightSounds.
Watch: https://youtu.be/pqYWDvV0I28
Free Download / Stream: http://ncs.io/StrongerRaikoYO"
144,145,NoCopyrightSounds,UC_aEa8K-EOJ3D6gOs7HcyNg,2019-01-12T16:15:01Z,Ascence - Rules [NCS Release],GxobnOtrW10,Subscribe to NoCopyrightSounds http://ncs.lnk.to/SubscribeYouTube NCS (NoCopyrightSounds): Empowering Creators ...,https://www.youtube.com/watch?v=GxobnOtrW10,Ascence,Rules,"Track: Ascence - Rules [NCS Release]
Music provided by NoCopyrightSounds.
Watch: https://youtu.be/GxobnOtrW10
Free Download / Stream: http://ncs.io/RulesYO"
145,146,NoCopyrightSounds,UC_aEa8K-EOJ3D6gOs7HcyNg,2019-02-02T16:15:00Z,BEAUZ &amp; JVNA - Crazy [NCS Release],xgcLwtGlgLU,Subscribe to NoCopyrightSounds http://ncs.lnk.to/SubscribeYouTube NCS (NoCopyrightSounds): Empowering Creators ...,https://www.youtube.com/watch?v=xgcLwtGlgLU,BEAUZ &amp; JVNA,Crazy,"Track: BEAUZ \u0026 JVNA - Crazy [NCS Release]
Music provided by NoCopyrightSounds.
Watch: https://youtu.be/xgcLwtGlgLU
Free Download / Stream: http://ncs.io/_Crazy"
146,147,NoCopyrightSounds,UC_aEa8K-EOJ3D6gOs7HcyNg,2019-02-09T16:24:15Z,Spektrum &amp; Sara Skinner - Keep You [NCS Release],YnmOmNqBWtM,Subscribe to NoCopyrightSounds http://ncs.lnk.to/SubscribeYouTube NCS (NoCopyrightSounds): Empowering Creators ...,https://www.youtube.com/watch?v=YnmOmNqBWtM,Spektrum &amp; Sara Skinner,Keep You,"Track: Spektrum \u0026 Sara Skinner - Keep You [NCS Release]
Music provided by NoCopyrightSounds.
Watch: https://youtu.be/YnmOmNqBWtM
Free Download / Stream: http://ncs.io/KeepYou"
147,148,NoCopyrightSounds,UC_aEa8K-EOJ3D6gOs7HcyNg,2019-02-16T16:07:56Z,Ellis - Clear My Head [NCS Release],H81DzDMdCLI,Subscribe to NoCopyrightSounds http://ncs.lnk.to/SubscribeYouTube NCS (NoCopyrightSounds): Empowering Creators ...,https://www.youtube.com/watch?v=H81DzDMdCLI,Ellis,Clear My Head,"Track: Ellis - Clear My Head [NCS Release]
Music provided by NoCopyrightSounds.
Watch: https://youtu.be/H81DzDMdCLI
Free Download / Stream: http://ncs.io/ClearMyHeadYO"
148,149,NoCopyrightSounds,UC_aEa8K-EOJ3D6gOs7HcyNg,2019-02-21T17:08:54Z,Clarx - Bones [NCS Release],8Tu0lcl75yg,Subscribe to NoCopyrightSounds http://ncs.lnk.to/SubscribeYouTube NCS (NoCopyrightSounds): Empowering Creators ...,https://www.youtube.com/watch?v=8Tu0lcl75yg,Clarx,Bones,"Track: Clarx - Bones [NCS Release]
Music provided by NoCopyrightSounds.
Watch: https://youtu.be/8Tu0lcl75yg
Free Download / Stream: http://ncs.io/Bones"
149,150,NoCopyrightSounds,UC_aEa8K-EOJ3D6gOs7HcyNg,2019-02-23T16:15:00Z,Dirty Palm - No Stopping Love [NCS Release],xFoGtSiqins,Subscribe to NoCopyrightSounds http://ncs.lnk.to/SubscribeYouTube NCS (NoCopyrightSounds): Empowering Creators ...,https://www.youtube.com/watch?v=xFoGtSiqins,Dirty Palm,No Stopping Love,"Track: Dirty Palm - No Stopping Love [NCS Release]
Music provided by NoCopyrightSounds.
Watch: https://youtu.be/xFoGtSiqins
Free Download / Stream: http://ncs.io/NoStoppingLove"
150,151,NoCopyrightSounds,UC_aEa8K-EOJ3D6gOs7HcyNg,2019-03-02T16:18:20Z,Jim Yosef - Moonlight [NCS Release],MvTYrjX4ve4,Subscribe to NoCopyrightSounds http://ncs.lnk.to/SubscribeYouTube NCS (NoCopyrightSounds): Empowering Creators ...,https://www.youtube.com/watch?v=MvTYrjX4ve4,Jim Yosef,Moonlight,"Track: Jim Yosef - Moonlight [NCS Release]
Music provided by NoCopyrightSounds.
Watch: https://youtu.be/MvTYrjX4ve4
Free Download / Stream: http://ncs.io/Moonlight"
151,152,NoCopyrightSounds,UC_aEa8K-EOJ3D6gOs7HcyNg,2019-03-23T16:22:45Z,Tobu - Turn It Up [NCS Release],RrtAC7UZOh0,Subscribe to NoCopyrightSounds http://ncs.lnk.to/SubscribeYouTube NCS (NoCopyrightSounds): Empowering Creators ...,https://www.youtube.com/watch?v=RrtAC7UZOh0,Tobu,Turn It Up,"Track: Tobu - Turn It Up [NCS Release]
Music provided by NoCopyrightSounds.
Watch: https://youtu.be/RrtAC7UZOh0
Free Download / Stream: http://ncs.io/Tobu_TurnItUp"
152,153,NoCopyrightSounds,UC_aEa8K-EOJ3D6gOs7HcyNg,2019-04-04T16:07:40Z,Convex - 4U (feat. Jex Jordyn) [NCS Release],dMnWZ8tAUkU,Subscribe to NoCopyrightSounds http://ncs.lnk.to/SubscribeYouTube NCS (NoCopyrightSounds): Empowering Creators ...,https://www.youtube.com/watch?v=dMnWZ8tAUkU,Convex,4U (feat. Jex Jordyn),"Track: Convex - 4U (feat. Jex Jordyn) [NCS Release]
Music provided by NoCopyrightSounds.
Watch: https://youtu.be/dMnWZ8tAUkU
Free Download / Stream: http://ncs.io/4U"
153,154,NoCopyrightSounds,UC_aEa8K-EOJ3D6gOs7HcyNg,2019-04-13T15:06:41Z,Lost Sky - Vision [NCS Release],7RU1l8GtGOc,Subscribe to NoCopyrightSounds http://ncs.lnk.to/SubscribeYouTube NCS (NoCopyrightSounds): Empowering Creators ...,https://www.youtube.com/watch?v=7RU1l8GtGOc,Lost Sky,Vision,"Track: Lost Sky - Vision [NCS Release]
Music provided by NoCopyrightSounds.
Watch: https://youtu.be/7RU1l8GtGOc
Free Download / Stream: http://ncs.io/VisionID"
154,155,NoCopyrightSounds,UC_aEa8K-EOJ3D6gOs7HcyNg,2019-04-24T16:07:29Z,BEAUZ &amp; Momo - Won&#39;t Look Back [NCS Release],HbYXIMFDoRg,Subscribe to NoCopyrightSounds http://ncs.lnk.to/SubscribeYouTube NCS (NoCopyrightSounds): Empowering Creators ...,https://www.youtube.com/watch?v=HbYXIMFDoRg,BEAUZ &amp; Momo,Won&#39;t Look Back,"Track: BEAUZ \u0026 Momo - Won't Look Back [NCS Release]
Music provided by NoCopyrightSounds.
Watch: https://youtu.be/HbYXIMFDoRg
Free Download / Stream: http://ncs.io/WontLookBackID"
156,157,NoCopyrightSounds,UC_aEa8K-EOJ3D6gOs7HcyNg,2019-05-01T16:25:53Z,Diamond Eyes - Stars [NCS Release],Fmf-G9fpwto,Subscribe to NoCopyrightSounds http://ncs.lnk.to/SubscribeYouTube NCS (NoCopyrightSounds): Empowering Creators ...,https://www.youtube.com/watch?v=Fmf-G9fpwto,Diamond Eyes,Stars,"Track: Diamond Eyes - Stars [NCS Release]
Music provided by NoCopyrightSounds.
Watch: https://youtu.be/Fmf-G9fpwto
Free Download / Stream: http://ncs.io/Stars"
157,158,NoCopyrightSounds,UC_aEa8K-EOJ3D6gOs7HcyNg,2019-05-11T15:15:00Z,Diviners - Escape (feat. Rossy) [NCS Release],4EYp7VPa__8,Subscribe to NoCopyrightSounds http://ncs.lnk.to/SubscribeYouTube NCS (NoCopyrightSounds): Empowering Creators ...,https://www.youtube.com/watch?v=4EYp7VPa__8,Diviners,Escape (feat. Rossy),"Track: Diviners - Escape (feat. Rossy) [NCS Release]
Music provided by NoCopyrightSounds.
Watch: https://youtu.be/4EYp7VPa__8
Free Download / Stream: http://ncs.io/EscapeYO"
158,159,NoCopyrightSounds,UC_aEa8K-EOJ3D6gOs7HcyNg,2019-05-18T15:15:01Z,Egzod - Rise Up (ft. Veronica Bravo &amp; M.I.M.E) [NCS Release],aifDMH1p3zw,Subscribe to NoCopyrightSounds http://ncs.lnk.to/SubscribeYouTube NCS (NoCopyrightSounds): Empowering Creators ...,https://www.youtube.com/watch?v=aifDMH1p3zw,Egzod,Rise Up (ft. Veronica Bravo &amp; M.I.M.E),"Track: Egzod - Rise Up (ft. Veronica Bravo \u0026 M.I.M.E) [NCS Release]
Music provided by NoCopyrightSounds.
Watch: https://youtu.be/aifDMH1p3zw
Free Download / Stream: http://ncs.io/RiseUpYO"
159,160,NoCopyrightSounds,UC_aEa8K-EOJ3D6gOs7HcyNg,2019-05-25T15:15:01Z,Besomorph &amp; Coopex - Redemption (ft. Riell) [NCS Release],ZGrWry_4Q8s,Subscribe to NoCopyrightSounds http://ncs.lnk.to/SubscribeYouTube NCS (NoCopyrightSounds): Empowering Creators ...,https://www.youtube.com/watch?v=ZGrWry_4Q8s,Besomorph &amp; Coopex,Redemption (ft. Riell),"Track: Besomorph \u0026 Coopex - Redemption (ft. Riell) [NCS Release]
Music provided by NoCopyrightSounds.
Watch: https://youtu.be/ZGrWry_4Q8s
Free Download / Stream: http://ncs.io/RedemptionYO"
160,161,NoCopyrightSounds,UC_aEa8K-EOJ3D6gOs7HcyNg,2019-05-28T16:15:00Z,Blooom &amp; Ghost&#39;n&#39;Ghost - Desire [NCS Release],D-TQB-T-UJ4,Subscribe to NoCopyrightSounds http://ncs.lnk.to/SubscribeYouTube NCS (NoCopyrightSounds): Empowering Creators ...,https://www.youtube.com/watch?v=D-TQB-T-UJ4,Blooom &amp; Ghost&#39;n&#39;Ghost,Desire,"Track: Blooom \u0026 Ghost'n'Ghost - Desire [NCS Release]
Music provided by NoCopyrightSounds.
Watch: https://youtu.be/D-TQB-T-UJ4
Free Download / Stream: http://ncs.io/DesireYO"
161,162,NoCopyrightSounds,UC_aEa8K-EOJ3D6gOs7HcyNg,2019-06-01T15:15:01Z,Raven &amp; Kreyn - RICH [NCS Release],_T5AccWyBqE,Subscribe to NoCopyrightSounds http://ncs.lnk.to/SubscribeYouTube NCS (NoCopyrightSounds): Empowering Creators ...,https://www.youtube.com/watch?v=_T5AccWyBqE,Raven &amp; Kreyn,RICH,"Track: Raven \u0026 Kreyn - RICH [NCS Release]
Music provided by NoCopyrightSounds.
Watch: https://youtu.be/_T5AccWyBqE
Free Download / Stream: http://ncs.io/RICH
"
162,163,NoCopyrightSounds,UC_aEa8K-EOJ3D6gOs7HcyNg,2019-06-08T15:15:00Z,Koven x ROY KNOX - About Me [NCS Release],t2Ti8d992RM,Subscribe to NoCopyrightSounds http://ncs.lnk.to/SubscribeYouTube NCS (NoCopyrightSounds): Empowering Creators ...,https://www.youtube.com/watch?v=t2Ti8d992RM,Koven x ROY KNOX,About Me,"Track: Koven x ROY KNOX - About Me [NCS Release]
Music provided by NoCopyrightSounds.
Watch: https://youtu.be/t2Ti8d992RM
Free Download / Stream: http://ncs.io/AboutMe"
163,164,NoCopyrightSounds,UC_aEa8K-EOJ3D6gOs7HcyNg,2019-06-15T15:15:01Z,WATEVA - dead! [NCS Release],BHm6nBZ2I5o,Subscribe to NoCopyrightSounds http://ncs.lnk.to/SubscribeYouTube NCS (NoCopyrightSounds): Empowering Creators ...,https://www.youtube.com/watch?v=BHm6nBZ2I5o,WATEVA,dead!,"Track: WATEVA - dead! [NCS Release]
Music provided by NoCopyrightSounds.
Watch: https://youtu.be/BHm6nBZ2I5o
Free Download / Stream: http://ncs.io/dead"
164,165,NoCopyrightSounds,UC_aEa8K-EOJ3D6gOs7HcyNg,2019-06-22T15:15:00Z,RudeLies &amp; Facading - Arabian Nights [NCS Release],g-PtIjywmac,Subscribe to NoCopyrightSounds http://ncs.lnk.to/SubscribeYouTube NCS (NoCopyrightSounds): Empowering Creators ...,https://www.youtube.com/watch?v=g-PtIjywmac,RudeLies &amp; Facading,Arabian Nights,"Track: RudeLies \u0026 Facading - Arabian Nights [NCS Release]
Music provided by NoCopyrightSounds.
Watch: https://youtu.be/g-PtIjywmac
Free Download / Stream: http://ncs.io/ArabianNights"
165,166,NoCopyrightSounds,UC_aEa8K-EOJ3D6gOs7HcyNg,2019-06-26T16:57:34Z,Max Brhon - Humanity [NCS Release],OJhqsUnKUWw,Subscribe to NoCopyrightSounds http://ncs.lnk.to/SubscribeYouTube NCS (NoCopyrightSounds): Empowering Creators ...,https://www.youtube.com/watch?v=OJhqsUnKUWw,Max Brhon,Humanity,"Track: Max Brhon - Humanity [NCS Release]
Music provided by NoCopyrightSounds.
Watch: https://youtu.be/OJhqsUnKUWw
Free Download / Stream: http://ncs.io/Humanity"
166,167,NoCopyrightSounds,UC_aEa8K-EOJ3D6gOs7HcyNg,2019-07-13T15:15:00Z,Unknown Brain - War Zone (ft. M.I.M.E.) [NCS Release],d7JoJcEJYzY,Subscribe to NoCopyrightSounds http://ncs.lnk.to/SubscribeYouTube NCS (NoCopyrightSounds): Empowering Creators ...,https://www.youtube.com/watch?v=d7JoJcEJYzY,Unknown Brain,War Zone (ft. M.I.M.E.),"Track: Unknown Brain - War Zone (ft. M.I.M.E.) [NCS Release]
Music provided by NoCopyrightSounds.
Watch: https://youtu.be/d7JoJcEJYzY
Free Download / Stream: http://ncs.io/WarZone"
167,168,NoCopyrightSounds,UC_aEa8K-EOJ3D6gOs7HcyNg,2019-07-20T15:15:01Z,Barren Gates - Devil [NCS Release],htV2wG5rWHw,Subscribe to NoCopyrightSounds http://ncs.lnk.to/SubscribeYouTube NCS (NoCopyrightSounds): Empowering Creators ...,https://www.youtube.com/watch?v=htV2wG5rWHw,Barren Gates,Devil,"Track: Barren Gates - Devil [NCS Release]
Music provided by NoCopyrightSounds.
Watch: https://youtu.be/htV2wG5rWHw
Free Download / Stream: http://ncs.io/Devil"
168,169,NoCopyrightSounds,UC_aEa8K-EOJ3D6gOs7HcyNg,2019-07-24T16:08:34Z,Anna Yvette - Red Line [NCS Release],VrDD2GSNs_I,Subscribe to NoCopyrightSounds http://ncs.lnk.to/SubscribeYouTube NCS (NoCopyrightSounds): Empowering Creators ...,https://www.youtube.com/watch?v=VrDD2GSNs_I,Anna Yvette,Red Line,"Track: Anna Yvette - Red Line [NCS Release]
Music provided by NoCopyrightSounds.
Watch: https://youtu.be/VrDD2GSNs_I
Free Download / Stream: http://ncs.io/RedLine"
169,170,NoCopyrightSounds,UC_aEa8K-EOJ3D6gOs7HcyNg,2019-08-07T16:15:00Z,Rival - Be Gone (feat. Caravn) [NCS Release] | Lyric Video,p4M3Gle4NQ4,Subscribe to NoCopyrightSounds http://ncs.lnk.to/SubscribeYouTube NCS (NoCopyrightSounds): Empowering Creators ...,https://www.youtube.com/watch?v=p4M3Gle4NQ4,Rival,,"Track: Rival - Be Gone (ft. Caravn) [NCS Release]
Music provided by NoCopyrightSounds.
Watch: https://youtu.be/p4M3Gle4NQ4
Free Download / Stream: http://ncs.io/BeGone"
171,172,NoCopyrightSounds,UC_aEa8K-EOJ3D6gOs7HcyNg,2019-08-21T16:15:00Z,ROY KNOX - Breathe Me In [NCS Release],1xtx6OcvoS8,Subscribe to NoCopyrightSounds http://ncs.lnk.to/SubscribeYouTube NCS (NoCopyrightSounds): Empowering Creators ...,https://www.youtube.com/watch?v=1xtx6OcvoS8,ROY KNOX,Breathe Me In,"Track: ROY KNOX - Breathe Me In [NCS Release]
Music provided by NoCopyrightSounds.
Watch: https://youtu.be/1xtx6OcvoS8
Free Download / Stream: http://ncs.io/BreatheMeIn"
172,173,NoCopyrightSounds,UC_aEa8K-EOJ3D6gOs7HcyNg,2019-08-31T15:15:00Z,Max Brhon - Cyberpunk [NCS Release],iqoNoU-rm14,Subscribe to NoCopyrightSounds http://ncs.lnk.to/SubscribeYouTube NCS (NoCopyrightSounds): Empowering Creators ...,https://www.youtube.com/watch?v=iqoNoU-rm14,Max Brhon,Cyberpunk,"Track: Max Brhon - Cyberpunk [NCS Release]
Music provided by NoCopyrightSounds.
Watch: https://youtu.be/iqoNoU-rm14
Free Download / Stream: http://ncs.io/Cyberpunk"
174,175,NoCopyrightSounds,UC_aEa8K-EOJ3D6gOs7HcyNg,2019-09-28T15:15:01Z,Mynerva &amp; Nytrix - Find You [NCS Release],nJWkpMw4aug,Subscribe to NoCopyrightSounds http://ncs.lnk.to/SubscribeYouTube NCS (NoCopyrightSounds): Empowering Creators ...,https://www.youtube.com/watch?v=nJWkpMw4aug,Mynerva &amp; Nytrix,Find You,"Track: Mynerva \u0026 Nytrix - Find You [NCS Release]
Music provided by NoCopyrightSounds.
Watch: https://youtu.be/nJWkpMw4aug
Free Download / Stream: http://ncs.io/FindYou"
175,176,NoCopyrightSounds,UC_aEa8K-EOJ3D6gOs7HcyNg,2019-10-05T15:15:04Z,ROY KNOX - Earthquake [NCS Release],z_m0wtLMfdU,Subscribe to NoCopyrightSounds http://ncs.lnk.to/SubscribeYouTube NCS (NoCopyrightSounds): Empowering Creators ...,https://www.youtube.com/watch?v=z_m0wtLMfdU,ROY KNOX,Earthquake,"Track: ROY KNOX - Earthquake [NCS Release]
Music provided by NoCopyrightSounds.
Watch: https://youtu.be/z_m0wtLMfdU
Free Download / Stream: http://ncs.io/Earthquake"
176,177,NoCopyrightSounds,UC_aEa8K-EOJ3D6gOs7HcyNg,2019-10-26T15:15:01Z,Asketa &amp; Natan Chaim x Requenze x M.I.M.E - Warriors [NCS Release],dVWlxP_Iu-4,Subscribe to NoCopyrightSounds http://ncs.lnk.to/SubscribeYouTube NCS (NoCopyrightSounds): Empowering Creators ...,https://www.youtube.com/watch?v=dVWlxP_Iu-4,Asketa &amp; Natan Chaim x Requenze x M.I.M.E,Warriors,"Track: Asketa \u0026 Natan Chaim x Requenze x M.I.M.E - Warriors [NCS Release]
Music provided by NoCopyrightSounds.
Watch: https://youtu.be/dVWlxP_Iu-4
Free Download / Stream: http://ncs.io/Warriors"
177,178,NoCopyrightSounds,UC_aEa8K-EOJ3D6gOs7HcyNg,2019-11-07T17:05:47Z,Lost Sky - Where We Started (feat. Jex) [NCS Release],U9pGr6KMdyg,Subscribe to NoCopyrightSounds http://ncs.lnk.to/SubscribeYouTube NCS (NoCopyrightSounds): Empowering Creators ...,https://www.youtube.com/watch?v=U9pGr6KMdyg,Lost Sky,Where We Started (feat. Jex),"Track: Lost Sky - Where We Started (feat. Jex) [NCS Release]
Music provided by NoCopyrightSounds.
Watch: https://youtu.be/U9pGr6KMdyg
Free Download / Stream: http://ncs.io/WhereWeStarted"
178,179,NoCopyrightSounds,UC_aEa8K-EOJ3D6gOs7HcyNg,2019-11-09T16:15:00Z,Unknown Brain - Say Goodbye (ft. Marvin Divine) [NCS Release],rdD-DMTWqU4,Subscribe to NoCopyrightSounds http://ncs.lnk.to/SubscribeYouTube NCS (NoCopyrightSounds): Empowering Creators ...,https://www.youtube.com/watch?v=rdD-DMTWqU4,Unknown Brain,Say Goodbye (ft. Marvin Divine),"Track: Unknown Brain - Say Goodbye (ft. Marvin Divine) [NCS Release]
Music provided by NoCopyrightSounds.
Watch: https://youtu.be/rdD-DMTWqU4
Free Download / Stream: http://ncs.io/SayGoodbye"
179,180,NoCopyrightSounds,UC_aEa8K-EOJ3D6gOs7HcyNg,2019-12-03T17:19:11Z,3rd Prototype - After the Storm [NCS Release],s-ZUU_cE_AQ,Subscribe to NoCopyrightSounds http://ncs.lnk.to/SubscribeYouTube NCS : Copyright Free Music / Royalty Free Music / Stream ...,https://www.youtube.com/watch?v=s-ZUU_cE_AQ,3rd Prototype,After the Storm,"Track:  3rd Prototype - After the Storm [NCS Release]
Music provided by NoCopyrightSounds.
Watch: https://youtu.be/s-ZUU_cE_AQ
Free Download / Stream: http://ncs.io/AftertheStorm"
180,181,NoCopyrightSounds,UC_aEa8K-EOJ3D6gOs7HcyNg,2019-12-07T16:15:00Z,ROY KNOX x Tim Beeren - Save Me (Feat. Svniivan) [ NCS Release / EDM / Dubstep Music ],_wgDPGBbfjU,Subscribe to NoCopyrightSounds http://ncs.lnk.to/SubscribeYouTube NCS: Music Without Limitations Free Download / Stream: ...,https://www.youtube.com/watch?v=_wgDPGBbfjU,ROY KNOX x Tim Beeren,,"Track: ROY KNOX x Tim Beeren - Save Me (Feat. Svniivan) [NCS Release]
Music provided by NoCopyrightSounds.
Watch: https://youtu.be/_wgDPGBbfjU
Free Download / Stream: http://ncs.io/SaveMe"
181,182,NoCopyrightSounds,UC_aEa8K-EOJ3D6gOs7HcyNg,2019-12-21T16:15:00Z,More Plastic - Summoning [NCS Release],e4Uk22G1ASg,Subscribe to NoCopyrightSounds http://ncs.lnk.to/SubscribeYouTube NCS: Music Without Limitations Free Download / Stream: ...,https://www.youtube.com/watch?v=e4Uk22G1ASg,More Plastic,Summoning,"Track: More Plastic - Summoning [NCS Release]
Music provided by NoCopyrightSounds.
Watch: https://youtu.be/e4Uk22G1ASg
Free Download / Stream: http://ncs.io/Summoning"
182,183,NoCopyrightSounds,UC_aEa8K-EOJ3D6gOs7HcyNg,2020-01-16T17:15:01Z,Alex Holmes &amp; Dark Point - You Are [NCS Release],9qnRTwfIjE4,Subscribe to NoCopyrightSounds http://ncs.lnk.to/SubscribeYouTube NCS (NoCopyrightSounds): Empowering Creators ...,https://www.youtube.com/watch?v=9qnRTwfIjE4,Alex Holmes &amp; Dark Point,You Are,"Track: Alex Holmes \u0026 Dark Point - You Are [NCS Release]
Music provided by NoCopyrightSounds.
Watch: https://youtu.be/9qnRTwfIjE4
Free Download / Stream: http://ncs.io/YouAre"
183,184,NoCopyrightSounds,UC_aEa8K-EOJ3D6gOs7HcyNg,2020-01-28T17:15:00Z,Steve Hartz - Never Get Old [NCS Release],sjQqv354mtI,Subscribe to NoCopyrightSounds http://ncs.lnk.to/SubscribeYouTube NCS (NoCopyrightSounds): Empowering Creators ...,https://www.youtube.com/watch?v=sjQqv354mtI,Steve Hartz,Never Get Old,"Track: Steve Hartz - Never Get Old [NCS Release]
Music provided by NoCopyrightSounds.
Watch: https://youtu.be/sjQqv354mtI
Free Download / Stream: http://ncs.io/NeverGetOld"
184,185,NoCopyrightSounds,UC_aEa8K-EOJ3D6gOs7HcyNg,2020-02-13T17:04:44Z,NIVIRO - The Labyrinth [NCS Release],4S0shEqJ8Vc,Subscribe to NoCopyrightSounds http://ncs.lnk.to/SubscribeYouTube NCS (NoCopyrightSounds): Empowering Creators ...,https://www.youtube.com/watch?v=4S0shEqJ8Vc,NIVIRO,The Labyrinth,"Track: NIVIRO - The Labyrinth [NCS Release]
Music provided by NoCopyrightSounds.
Watch: https://youtu.be/4S0shEqJ8V
Free Download / Stream: http://ncs.io/TheLabyrinth"
185,186,NoCopyrightSounds,UC_aEa8K-EOJ3D6gOs7HcyNg,2020-03-17T17:15:00Z,Levianth &amp; Acejax - Real Love [NCS Release],VMqiNvYa9zA,Subscribe to NoCopyrightSounds http://ncs.lnk.to/SubscribeYouTube NCS (NoCopyrightSounds): Empowering Creators ...,https://www.youtube.com/watch?v=VMqiNvYa9zA,Levianth &amp; Acejax,Real Love,"Track: Levianth \u0026 Acejax - Real Love [NCS Release]
Music provided by NoCopyrightSounds.
Watch: https://youtu.be/VMqiNvYa9zA
Free Download / Stream: http://ncs.io/RealLove"
186,187,NoCopyrightSounds,UC_aEa8K-EOJ3D6gOs7HcyNg,2020-03-24T17:15:05Z,Domastic - Memories [NCS Release],uSpVIx6JnyQ,Subscribe to NoCopyrightSounds http://ncs.lnk.to/SubscribeYouTube NCS (NoCopyrightSounds): Empowering Creators ...,https://www.youtube.com/watch?v=uSpVIx6JnyQ,Domastic,Memories,"Track: Domastic - Memories [NCS Release]
Music provided by NoCopyrightSounds.
Watch: https://youtu.be/uSpVIx6JnyQ
Free Download / Stream: http://ncs.io/Memories"
187,188,NoCopyrightSounds,UC_aEa8K-EOJ3D6gOs7HcyNg,2020-04-04T15:15:00Z,Rival x Egzod - Live A Lie (ft. Andreas Stone) [NCS Release],GpoYRPA7YFw,Subscribe to NoCopyrightSounds http://ncs.lnk.to/SubscribeYouTube NCS (NoCopyrightSounds): Empowering Creators ...,https://www.youtube.com/watch?v=GpoYRPA7YFw,Rival x Egzod,Live A Lie (ft. Andreas Stone),"Track: Rival x Egzod - Live A Lie (ft. Andreas Stone) [NCS Release]
Music provided by NoCopyrightSounds.
Watch: https://youtu.be/GpoYRPA7YFw
Free Download / Stream: http://ncs.io/LiveALie"
188,189,NoCopyrightSounds,UC_aEa8K-EOJ3D6gOs7HcyNg,2020-04-09T16:15:01Z,Blooom - Be Around [NCS Release],XnouxUYJRRo,Subscribe to NoCopyrightSounds http://ncs.lnk.to/SubscribeYouTube NCS (NoCopyrightSounds): Empowering Creators ...,https://www.youtube.com/watch?v=XnouxUYJRRo,Blooom,Be Around,"Track: Bloom - Be Around [NCS Release]
Music provided by NoCopyrightSounds.
Watch: https://youtu.be/XnouxUYJRRo
Free Download / Stream: http://ncs.io/BeAround"
189,190,NoCopyrightSounds,UC_aEa8K-EOJ3D6gOs7HcyNg,2020-04-11T15:15:00Z,Jim Yosef x ROY KNOX - Sun Goes Down [NCS Release],Hois2F0Jy2Y,Subscribe to NoCopyrightSounds http://ncs.lnk.to/SubscribeYouTube NCS (NoCopyrightSounds): Empowering Creators ...,https://www.youtube.com/watch?v=Hois2F0Jy2Y,Jim Yosef x ROY KNOX,Sun Goes Down,"Track: Jim Yosef x ROY KNOX - Sun Goes Down [NCS Release]
Music provided by NoCopyrightSounds.
Watch: https://youtu.be/Hois2F0Jy2Y
Free Download / Stream: http://ncs.io/SunGoesDown"
190,191,NoCopyrightSounds,UC_aEa8K-EOJ3D6gOs7HcyNg,2020-04-16T16:15:00Z,Besomorph &amp; Arcando &amp; Neoni - Army [NCS Release],4EDOIftYA4A,Subscribe to NoCopyrightSounds http://ncs.lnk.to/SubscribeYouTube NCS (NoCopyrightSounds): Empowering Creators ...,https://www.youtube.com/watch?v=4EDOIftYA4A,Besomorph &amp; Arcando &amp; Neoni,Army,"Track: Besomorph \u0026 Arcando \u0026 Neoni - Army [NCS Release]
Music provided by NoCopyrightSounds.
Watch: https://youtu.be/4EDOIftYA4A
Free Download / Stream: http://ncs.io/Army"
191,192,NoCopyrightSounds,UC_aEa8K-EOJ3D6gOs7HcyNg,2020-05-02T15:15:00Z,Clarx &amp; Harddope - Castle [NCS Release],ANygbRCuwZo,Subscribe to NoCopyrightSounds http://ncs.lnk.to/SubscribeYouTube NCS (NoCopyrightSounds): Empowering Creators ...,https://www.youtube.com/watch?v=ANygbRCuwZo,Clarx &amp; Harddope,Castle,"Track: Clarx \u0026 Harddope - Castle [NCS Release]
Music provided by NoCopyrightSounds.
Watch: https://youtu.be/ANygbRCuwZo
Free Download / Stream: http://ncs.io/Castle"
193,194,NoCopyrightSounds,UC_aEa8K-EOJ3D6gOs7HcyNg,2020-05-21T16:15:02Z,Cartoon - Howling (ft. Asena) (Andromedik Remix) [NCS Release],gUQDq9ezuJQ,Subscribe to NoCopyrightSounds http://ncs.lnk.to/SubscribeYouTube NCS (NoCopyrightSounds): Empowering Creators ...,https://www.youtube.com/watch?v=gUQDq9ezuJQ,Cartoon,Howling (ft. Asena) (Andromedik Remix),"Track: Cartoon - Howling (ft. Asena) (Andromedik Remix) [NCS Release]
Music provided by NoCopyrightSounds.
Watch: https://youtu.be/gUQDq9ezuJQ
Free Download / Stream: http://ncs.io/HowlingRmx"
194,195,NoCopyrightSounds,UC_aEa8K-EOJ3D6gOs7HcyNg,2020-05-23T15:15:00Z,Jim Yosef - Let You Go [NCS Release],7dw8wphQ118,Subscribe to NoCopyrightSounds http://ncs.lnk.to/SubscribeYouTube NCS (NoCopyrightSounds): Empowering Creators ...,https://www.youtube.com/watch?v=7dw8wphQ118,Jim Yosef,Let You Go,"Track: Jim Yosef - Let You Go [NCS Release]
Music provided by NoCopyrightSounds.
Watch: https://youtu.be/7dw8wphQ118
Free Download / Stream: http://ncs.io/LetYouGo"
195,196,NoCopyrightSounds,UC_aEa8K-EOJ3D6gOs7HcyNg,2020-06-18T16:15:03Z,Facading - Walk Away [NCS Release],vIE6cuAhR4o,Subscribe to NoCopyrightSounds http://ncs.lnk.to/SubscribeYouTube NCS (NoCopyrightSounds): Empowering Creators ...,https://www.youtube.com/watch?v=vIE6cuAhR4o,Facading,Walk Away,"Track: Facading - Walk Away [NCS Release]
Music provided by NoCopyrightSounds.
Watch: https://youtu.be/vIE6cuAhR4o
Free Download / Stream: http://ncs.io/WalkAway"
196,197,NoCopyrightSounds,UC_aEa8K-EOJ3D6gOs7HcyNg,2020-06-20T15:15:00Z,Arlow - Freefall [NCS Release],SxfSpqFWJAg,Subscribe to NoCopyrightSounds http://ncs.lnk.to/SubscribeYouTube NCS (NoCopyrightSounds): Empowering Creators ...,https://www.youtube.com/watch?v=SxfSpqFWJAg,Arlow,Freefall,"Track: Arlow - Freefall [NCS Release]
Music provided by NoCopyrightSounds.
Watch: https://youtu.be/SxfSpqFWJAg
Free Download / Stream: http://ncs.io/AFreefall"
197,198,NoCopyrightSounds,UC_aEa8K-EOJ3D6gOs7HcyNg,2020-06-23T16:15:00Z,Brook Xiao - Fire (ft. Rachel Horter) [NCS Release],2W3Y9KMgNw0,Subscribe to NoCopyrightSounds http://ncs.lnk.to/SubscribeYouTube NCS (NoCopyrightSounds): Empowering Creators ...,https://www.youtube.com/watch?v=2W3Y9KMgNw0,Brook Xiao,Fire (ft. Rachel Horter),"Track: Brook Xiao - Fire (ft. Rachel Horter) [NCS Release]
Music provided by NoCopyrightSounds.
Watch: https://youtu.be/2W3Y9KMgNw0
Free Download / Stream: http://ncs.io/Fire"
198,199,NoCopyrightSounds,UC_aEa8K-EOJ3D6gOs7HcyNg,2020-07-11T15:15:01Z,"Xaia, Rain Man, Oly - Breakdown [NCS Release]",CyD8hAjj8L8,Subscribe to NoCopyrightSounds http://ncs.lnk.to/SubscribeYouTube NCS (NoCopyrightSounds): Empowering Creators ...,https://www.youtube.com/watch?v=CyD8hAjj8L8,"Xaia, Rain Man, Oly",Breakdown,"Track: Xaia, Rain Man, Oly - Breakdown [NCS Release]
Music provided by NoCopyrightSounds.
Watch: https://youtu.be/CyD8hAjj8L8
Free Download / Stream: http://ncs.io/Breakdown"
199,200,NoCopyrightSounds,UC_aEa8K-EOJ3D6gOs7HcyNg,2020-07-16T16:15:03Z,Chime - Lifelong [NCS Release],UDVzaNB0Hso,Subscribe to NoCopyrightSounds http://ncs.lnk.to/SubscribeYouTube NCS (NoCopyrightSounds): Empowering Creators ...,https://www.youtube.com/watch?v=UDVzaNB0Hso,Chime,Lifelong,"Track: Chime - Lifelong [NCS Release]
Music provided by NoCopyrightSounds.
Watch: https://youtu.be/UDVzaNB0Hso
Free Download / Stream: http://ncs.io/Lifelong"
200,201,NoCopyrightSounds,UC_aEa8K-EOJ3D6gOs7HcyNg,2020-07-18T15:15:01Z,Diamond Eyes - 23 [NCS Release],Sxcqo4iQwzc,Subscribe to NoCopyrightSounds http://ncs.lnk.to/SubscribeYouTube NCS (NoCopyrightSounds): Empowering Creators ...,https://www.youtube.com/watch?v=Sxcqo4iQwzc,Diamond Eyes,23,"Track: Diamond Eyes - 23 [NCS Release]
Music provided by NoCopyrightSounds.
Watch: https://youtu.be/Sxcqo4iQwzc
Free Download / Stream: http://ncs.io/D23"
201,202,NoCopyrightSounds,UC_aEa8K-EOJ3D6gOs7HcyNg,2020-07-21T16:15:00Z,Nomra - Your Body [NCS Release],JR7iaMPnevU,Subscribe to NoCopyrightSounds http://ncs.lnk.to/SubscribeYouTube NCS (NoCopyrightSounds): Empowering Creators ...,https://www.youtube.com/watch?v=JR7iaMPnevU,Nomra,Your Body,"Track: Nomra - Your Body [NCS Release]
Music provided by NoCopyrightSounds.
Watch: https://youtu.be/JR7iaMPnevU
Free Download / Stream: http://ncs.io/YourBody"
202,203,NoCopyrightSounds,UC_aEa8K-EOJ3D6gOs7HcyNg,2020-08-11T16:15:01Z,N3WPORT - Power (feat. braev) [NCS Release],h3lwmCGG6Mw,Subscribe to NoCopyrightSounds http://ncs.lnk.to/SubscribeYouTube NCS (NoCopyrightSounds): Empowering Creators ...,https://www.youtube.com/watch?v=h3lwmCGG6Mw,N3WPORT,Power (feat. braev),"Track: N3WPORT - Power (feat. braev) [NCS Release]
Music provided by NoCopyrightSounds.
Watch: https://youtu.be/h3lwmCGG6Mw
Free Download / Stream: http://ncs.io/NPower"
203,204,NoCopyrightSounds,UC_aEa8K-EOJ3D6gOs7HcyNg,2020-08-13T16:15:00Z,Elektronomia - Breeze [NCS Release],abYP-NPLTbw,Subscribe to NoCopyrightSounds http://ncs.lnk.to/SubscribeYouTube NCS (NoCopyrightSounds): Empowering Creators ...,https://www.youtube.com/watch?v=abYP-NPLTbw,Elektronomia,Breeze,"Track: Elektronomia - Breeze [NCS Release]
Music provided by NoCopyrightSounds.
Watch: https://youtu.be/abYP-NPLTbw
Free Download / Stream: http://ncs.lnk.to/Breeze"
206,207,NoCopyrightSounds,UC_aEa8K-EOJ3D6gOs7HcyNg,2020-08-27T16:15:01Z,Tom Wilson - Be Myself [NCS Release],LG1iV_wzcTw,Subscribe to NoCopyrightSounds http://ncs.lnk.to/SubscribeYouTube NCS (NoCopyrightSounds): Empowering Creators ...,https://www.youtube.com/watch?v=LG1iV_wzcTw,Tom Wilson,Be Myself,"Track: Tom Wilson - Be Myself [NCS Release]
Music provided by NoCopyrightSounds.
Watch: https://youtu.be/LG1iV_wzcTw
Free Download / Stream: http://ncs.io/BeMyself"
223,224,NoCopyrightSounds,UC_aEa8K-EOJ3D6gOs7HcyNg,2020-12-05T16:15:02Z,V O E - Giants [NCS Release],zlT81XS9iqQ,Subscribe to NoCopyrightSounds http://ncs.lnk.to/SubscribeYouTube NCS (NoCopyrightSounds): Empowering Creators ...,https://www.youtube.com/watch?v=zlT81XS9iqQ,V O E,Giants,"Track: V O E - Giants [NCS Release]
Music provided by NoCopyrightSounds.
Watch: https://youtu.be/zlT81XS9iqQ
Free Download / Stream: http://ncs.io/Giants"
229,230,NoCopyrightSounds,UC_aEa8K-EOJ3D6gOs7HcyNg,2021-01-02T16:15:01Z,Elektronomia - Sky High pt. II [NCS Release],lG6HVrrXup8,Subscribe to NoCopyrightSounds http://ncs.lnk.to/SubscribeYouTube NCS (NoCopyrightSounds): Empowering Creators ...,https://www.youtube.com/watch?v=lG6HVrrXup8,Elektronomia,Sky High pt. II,"Track: Elektronomia - Sky High pt. II [NCS Release]
Royalty Free Music provided by NoCopyrightSounds.
Watch: https://youtu.be/lG6HVrrXup8
Free Download / Stream: http://ncs.io/SkyHigh2"
255,256,NoCopyrightSounds,UC_aEa8K-EOJ3D6gOs7HcyNg,2021-06-19T14:15:00Z,Cartoon x nublu x Gameboy Tetris - Biology [NCS Release] (Official Music Video),OcNV3UeesoU,Subscribe to NoCopyrightSounds http://ncs.lnk.to/SubscribeYouTube NCS (NoCopyrightSounds): Empowering Creators ...,https://www.youtube.com/watch?v=OcNV3UeesoU,Cartoon x nublu x Gameboy Tetris,,"Track: Cartoon x nublu x Gameboy Tetris - Biology [NCS Release]
Music provided by NoCopyrightSounds.
Watch: https://youtu.be/OcNV3UeesoU
Free Download / Stream: http://ncs.io/Biology"
257,258,NoCopyrightSounds,UC_aEa8K-EOJ3D6gOs7HcyNg,2021-07-01T15:15:01Z,Guy Arthur &amp; Clarx - For Good (ft. Veronica Bravo) [NCS Release],uJp6wz4gAio,Subscribe to NoCopyrightSounds http://ncs.lnk.to/SubscribeYouTube NCS (NoCopyrightSounds): Empowering Creators ...,https://www.youtube.com/watch?v=uJp6wz4gAio,Guy Arthur &amp; Clarx,For Good (ft. Veronica Bravo),"Track: Guy Arthur \u0026 Clarx - For Good [NCS Release]
Music provided by NoCopyrightSounds.
Watch: https://youtu.be/uJp6wz4gAio
Free Download / Stream: https://ncs.io/ForGood"
258,259,NoCopyrightSounds,UC_aEa8K-EOJ3D6gOs7HcyNg,2021-07-13T15:15:01Z,THYKIER - Shimmer [NCS Release],YM6maFBts_s,Subscribe to NoCopyrightSounds http://ncs.lnk.to/SubscribeYouTube NCS (NoCopyrightSounds): Empowering Creators ...,https://www.youtube.com/watch?v=YM6maFBts_s,THYKIER,Shimmer,"Track: THYKIER - Shimmer [NCS Release]
Music provided by NoCopyrightSounds.
Watch: https://youtu.be/YM6maFBts_s
Free Download / Stream: https://ncs.lnk.to/ShimmerTEP"
259,260,NoCopyrightSounds,UC_aEa8K-EOJ3D6gOs7HcyNg,2021-07-17T14:15:01Z,Rival - Throne (ft. Neoni) (Lost Identities Remix) [NCS Release],7yitxFDUVf0,Subscribe to NoCopyrightSounds http://ncs.lnk.to/SubscribeYouTube NCS (NoCopyrightSounds): Empowering Creators ...,https://www.youtube.com/watch?v=7yitxFDUVf0,Rival,Throne (ft. Neoni) (Lost Identities Remix),"Track: Rival - Throne (ft. Neoni) (Lost Identities Remix) [NCS Release]
Music provided by NoCopyrightSounds.
Watch: https://youtu.be/7yitxFDUVf0
Free Download / Stream: https://ncs.io/ThroneRemix

Visuals by: https://moxieart.co"
260,261,NoCopyrightSounds,UC_aEa8K-EOJ3D6gOs7HcyNg,2021-07-20T15:15:02Z,Highlnd - How To Love (ft. Rachel Lorin) [NCS Release],xNng4XZ1-dE,Subscribe to NoCopyrightSounds http://ncs.lnk.to/SubscribeYouTube NCS (NoCopyrightSounds): Empowering Creators ...,https://www.youtube.com/watch?v=xNng4XZ1-dE,Highlnd,How To Love (ft. Rachel Lorin),"Track: Highlnd - How To Love (ft. Rachel Lorin) [NCS Release]
Music provided by NoCopyrightSounds.
Watch: https://youtu.be/xNng4XZ1-dE
Free Download / Stream: https://ncs.io/HowToLove"
261,262,NoCopyrightSounds,UC_aEa8K-EOJ3D6gOs7HcyNg,2021-07-29T15:15:00Z,Egzod &amp; Maestro Chives - Royalty (ft. Neoni) (Wiguez &amp; Alltair Remix) [NCS Release],OhX8GC3mm74,Subscribe to NoCopyrightSounds http://ncs.lnk.to/SubscribeYouTube NCS (NoCopyrightSounds): Empowering Creators ...,https://www.youtube.com/watch?v=OhX8GC3mm74,Egzod &amp; Maestro Chives,Royalty (ft. Neoni) (Wiguez &amp; Alltair Remix),"Track: Egzod - Royalty (ft. Neoni) (Wiguez \u0026 Alltair Remix) [NCS Release]
Music provided by NoCopyrightSounds.
Watch: https://youtu.be/OhX8GC3mm74
Free Download / Stream: https://ncs.io/RoyaltyRMX"
262,263,NoCopyrightSounds,UC_aEa8K-EOJ3D6gOs7HcyNg,2021-08-05T15:15:00Z,Clarx - Done (feat. Halvorsen) [NCS Release],MBN5HN3o7FE,Subscribe to NoCopyrightSounds http://ncs.lnk.to/SubscribeYouTube NCS (NoCopyrightSounds): Empowering Creators ...,https://www.youtube.com/watch?v=MBN5HN3o7FE,Clarx,Done (feat. Halvorsen),"Track: Clarx - Done (feat. Halvorsen) [NCS Release]
Music provided by NoCopyrightSounds.
Watch: 
Free Download / Stream: https://ncs.io/Done"
263,264,NoCopyrightSounds,UC_aEa8K-EOJ3D6gOs7HcyNg,2021-11-06T15:15:00Z,M.I.M.E x The LJ - Push The Gas [NCS Release],0SZnFt1oAEc,Subscribe to NoCopyrightSounds http://ncs.lnk.to/SubscribeYouTube NCS (NoCopyrightSounds): Empowering Creators ...,https://www.youtube.com/watch?v=0SZnFt1oAEc,M.I.M.E x The LJ,Push The Gas,"Track: M.I.M.E x The LJ - Push The Gas  [NCS Release]
Music provided by NoCopyrightSounds.
Watch: https://youtu.be/0SZnFt1oAEc
Free Download / Stream: https://ncs.io/PushTheGas"
264,265,NoCopyrightSounds,UC_aEa8K-EOJ3D6gOs7HcyNg,2021-11-13T15:15:00Z,Syn Cole - Melodia [NCS Release],lryR2WJAd3g,Subscribe to NoCopyrightSounds http://ncs.lnk.to/SubscribeYouTube NCS (NoCopyrightSounds): Empowering Creators ...,https://www.youtube.com/watch?v=lryR2WJAd3g,Syn Cole,Melodia,"Track: Syn Cole - Melodia [NCS Release]
Music provided by NoCopyrightSounds.
Watch: https://youtu.be/lryR2WJAd3g
Free Download / Stream: https://ncs.io/Melodia"
265,266,NoCopyrightSounds,UC_aEa8K-EOJ3D6gOs7HcyNg,2021-11-16T16:15:03Z,Sam Ourt &amp; FERGO - Love Me [NCS Release],gB_TIdfqqo0,Subscribe to NoCopyrightSounds http://ncs.lnk.to/SubscribeYouTube NCS (NoCopyrightSounds): Empowering Creators ...,https://www.youtube.com/watch?v=gB_TIdfqqo0,Sam Ourt &amp; FERGO,Love Me,"Track: Sam Ourt \u0026 FERGO - Love Me [NCS Release]
Music provided by NoCopyrightSounds.
Watch: 
https://youtu.be/gB_TIdfqqo0
Free Download / Stream: https://ncs.io/SFLoveMe"
266,267,NoCopyrightSounds,UC_aEa8K-EOJ3D6gOs7HcyNg,2021-12-07T16:15:01Z,Sam Day - Nothing To Hide [NCS Release],1cELFGPVByU,Subscribe to NoCopyrightSounds http://ncs.lnk.to/SubscribeYouTube NCS (NoCopyrightSounds): Empowering Creators ...,https://www.youtube.com/watch?v=1cELFGPVByU,Sam Day,Nothing To Hide,"Track: Sam Day - Nothing To Hide [NCS Release]
Music provided by NoCopyrightSounds.
Watch: https://youtu.be/1cELFGPVByU
Free Download / Stream: https://ncs.io/NothingToHide"
267,268,NoCopyrightSounds,UC_aEa8K-EOJ3D6gOs7HcyNg,2021-12-16T16:15:00Z,Vaance &amp; Deerock - Electric (feat. Robbie Rosen) [NCS Release],WBhRHEsyUZE,Subscribe to NoCopyrightSounds http://ncs.lnk.to/SubscribeYouTube NCS (NoCopyrightSounds): Empowering Creators ...,https://www.youtube.com/watch?v=WBhRHEsyUZE,Vaance &amp; Deerock,Electric (feat. Robbie Rosen),"Track: Vaance \u0026 Deerock - Electric (feat. Robbie Rosen) [NCS Release]
Music provided by NoCopyrightSounds.
Watch: https://youtu.be/WBhRHEsyUZE
Free Download / Stream: https://ncs.io/Electric"
268,269,NoCopyrightSounds,UC_aEa8K-EOJ3D6gOs7HcyNg,2021-12-18T15:15:01Z,Poylow &amp; BAUWZ - Hate You (feat. Nito-Onna) [NCS Release],tb0DXZaS1iU,Subscribe to NoCopyrightSounds http://ncs.lnk.to/SubscribeYouTube NCS (NoCopyrightSounds): Empowering Creators ...,https://www.youtube.com/watch?v=tb0DXZaS1iU,Poylow &amp; BAUWZ,Hate You (feat. Nito-Onna),"Track: Poylow \u0026 BAUWZ - Hate You (feat. Nito-Onna) [NCS Release]
Music provided by NoCopyrightSounds.
Watch: https://youtu.be/tb0DXZaS1iU
Free Download / Stream: https://ncs.io/HateYou"
269,270,NoCopyrightSounds,UC_aEa8K-EOJ3D6gOs7HcyNg,2021-12-21T16:15:00Z,IntoAlter x Too Martian x Peter Piffen - When We Leavin [NCS Release],8eZa6Kzl_Hk,Subscribe to NoCopyrightSounds http://ncs.lnk.to/SubscribeYouTube NCS (NoCopyrightSounds): Empowering Creators ...,https://www.youtube.com/watch?v=8eZa6Kzl_Hk,IntoAlter x Too Martian x Peter Piffen,When We Leavin,"Track: IntoAlter x Too Martian x Peter Piffen - When We Leavin [NCS Release]
Music provided by NoCopyrightSounds.
Watch: https://youtu.be/8eZa6Kzl_Hk
Free Download / Stream: https://ncs.io/WhenWeLeavin"
270,271,NoCopyrightSounds,UC_aEa8K-EOJ3D6gOs7HcyNg,2021-12-23T16:15:00Z,Zack Merci X Arcana - Into The Wild [NCS Release],BZKwsPIhVO8,Subscribe to NoCopyrightSounds http://ncs.lnk.to/SubscribeYouTube NCS (NoCopyrightSounds): Empowering Creators ...,https://www.youtube.com/watch?v=BZKwsPIhVO8,Zack Merci X Arcana,Into The Wild,"Track: Zack Merci X Arcana - Into The Wild [NCS Release]
Music provided by NoCopyrightSounds.
Watch: https://youtu.be/BZKwsPIhVO8
Free Download / Stream: https://ncs.io/IntoTheWild"
271,272,NoCopyrightSounds,UC_aEa8K-EOJ3D6gOs7HcyNg,2021-12-25T15:15:00Z,Cartoon - On &amp; On (ft. Daniel Levi) (Cartoon x HAVSUN x WAYOUT Remix) [NCS Release],6NKZ7mscEyY,Subscribe to NoCopyrightSounds http://ncs.lnk.to/SubscribeYouTube NCS (NoCopyrightSounds): Empowering Creators ...,https://www.youtube.com/watch?v=6NKZ7mscEyY,Cartoon,On &amp; On (ft. Daniel Levi) (Cartoon x HAVSUN x WAYOUT Remix),"Track: Cartoon - On \u0026 On (ft. Daniel Levi) (Cartoon x HAVSUN x WAYOUT Remix) [NCS Release]
Music provided by NoCopyrightSounds.
Watch: https://youtu.be/6NKZ7mscEyY
Free Download / Stream: https://ncs.io/OnAndOnRMX"
272,273,NoCopyrightSounds,UC_aEa8K-EOJ3D6gOs7HcyNg,2022-01-08T15:15:01Z,Poylow - Got Me (feat. Nito-Onna) [NCS Release],XnvqUTLuHyM,Subscribe to NoCopyrightSounds http://ncs.lnk.to/SubscribeYouTube NCS (NoCopyrightSounds): Empowering Creators ...,https://www.youtube.com/watch?v=XnvqUTLuHyM,Poylow,Got Me (feat. Nito-Onna),"Track: Poylow - Got Me (feat. Nito-Onna) [NCS Release]
Music provided by NoCopyrightSounds.
Watch: https://youtu.be/XnvqUTLuHyM
Free Download / Stream: https://ncs.io/GotMe"
273,274,NoCopyrightSounds,UC_aEa8K-EOJ3D6gOs7HcyNg,2022-01-15T15:15:01Z,Neoni - LEVITATE [NCS Release],f-YsVDJ9Vs8,Subscribe to NoCopyrightSounds http://ncs.lnk.to/SubscribeYouTube NCS (NoCopyrightSounds): Empowering Creators ...,https://www.youtube.com/watch?v=f-YsVDJ9Vs8,Neoni,LEVITATE,"Track: Neoni - LEVITATE [NCS Release]
Music provided by NoCopyrightSounds.
Watch: https://youtu.be/f-YsVDJ9Vs8
Free Download / Stream: https://ncs.io/NLEVITATE"
274,275,NoCopyrightSounds,UC_aEa8K-EOJ3D6gOs7HcyNg,2022-01-20T16:15:04Z,Sam Day &amp; Dust of Apollon - Take You Home [NCS Release],yMoYapQkIHs,Subscribe to NoCopyrightSounds http://ncs.lnk.to/SubscribeYouTube NCS (NoCopyrightSounds): Empowering Creators ...,https://www.youtube.com/watch?v=yMoYapQkIHs,Sam Day &amp; Dust of Apollon,Take You Home,"Track: Sam Day \u0026 Dust of Apollon - Take You Home [NCS Release]
Music provided by NoCopyrightSounds.
Watch: https://youtu.be/yMoYapQkIHs
Free Download / Stream: https://ncs.io/TakeYouHome"
275,276,NoCopyrightSounds,UC_aEa8K-EOJ3D6gOs7HcyNg,2022-01-22T15:15:01Z,Johnning - WHAT THE HELL [NCS Release],Mhp2W3O_cXU,Subscribe to NoCopyrightSounds http://ncs.lnk.to/SubscribeYouTube NCS (NoCopyrightSounds): Empowering Creators ...,https://www.youtube.com/watch?v=Mhp2W3O_cXU,Johnning,WHAT THE HELL,"Track: Johnning - WHAT THE HELL [NCS Release]
Music provided by NoCopyrightSounds.
Watch: https://youtu.be/Mhp2W3O_cXU
Free Download / Stream: https://ncs.io/WHATTHEHELL"
276,277,NoCopyrightSounds,UC_aEa8K-EOJ3D6gOs7HcyNg,2022-01-25T16:15:01Z,Isolated - Circus [NCS Release],LFrOXa4W_WU,Subscribe to NoCopyrightSounds http://ncs.lnk.to/SubscribeYouTube NCS (NoCopyrightSounds): Empowering Creators ...,https://www.youtube.com/watch?v=LFrOXa4W_WU,Isolated,Circus,"Track: Isolated - Circus [NCS Release]
Music provided by NoCopyrightSounds.
Watch: https://youtu.be/LFrOXa4W_WU
Free Download / Stream: https://ncs.io/Circus"
277,278,NoCopyrightSounds,UC_aEa8K-EOJ3D6gOs7HcyNg,2022-01-27T16:15:00Z,Elektronomia - Collide [NCS Release],5MAmis6pMig,Subscribe to NoCopyrightSounds http://ncs.lnk.to/SubscribeYouTube NCS (NoCopyrightSounds): Empowering Creators ...,https://www.youtube.com/watch?v=5MAmis6pMig,Elektronomia,Collide,"Track: Elektronomia - Collide [NCS Release]
Music provided by NoCopyrightSounds.
Watch: https://youtu.be/5MAmis6pMig
Free Download / Stream: https://ncs.io/Collide"
278,279,NoCopyrightSounds,UC_aEa8K-EOJ3D6gOs7HcyNg,2022-01-29T15:15:02Z,Chenda &amp; Shiah Maisel - Find You There [NCS Release],zZbT0OaDuJ0,Subscribe to NoCopyrightSounds http://ncs.lnk.to/SubscribeYouTube NCS (NoCopyrightSounds): Empowering Creators ...,https://www.youtube.com/watch?v=zZbT0OaDuJ0,Chenda &amp; Shiah Maisel,Find You There,"Track: Chenda \u0026 Shiah Maisel - Find You There [NCS Release]
Music provided by NoCopyrightSounds.
Watch: https://youtu.be/zZbT0OaDuJ0
Free Download / Stream: https://ncs.io/FindYouThere"
279,280,NoCopyrightSounds,UC_aEa8K-EOJ3D6gOs7HcyNg,2022-02-03T16:15:01Z,if found - Dead of Night (VIP) [NCS Release],cj-HnSUqx3w,Subscribe to NoCopyrightSounds http://ncs.lnk.to/SubscribeYouTube NCS (NoCopyrightSounds): Empowering Creators ...,https://www.youtube.com/watch?v=cj-HnSUqx3w,if found,Dead of Night (VIP),"Track: if found - Dead of Night (VIP) [NCS Release]
Music provided by NoCopyrightSounds.
Watch: https://youtu.be/cj-HnSUqx3w
Free Download / Stream: https://ncs.io/DeadOfNightVIP"
280,281,NoCopyrightSounds,UC_aEa8K-EOJ3D6gOs7HcyNg,2022-02-12T15:03:19Z,"Kato, Spyker, TOBSIK - Odyssey [NCS Release]",eRIoaAOGo8U,Subscribe to NoCopyrightSounds http://ncs.lnk.to/SubscribeYouTube NCS (NoCopyrightSounds): Empowering Creators ...,https://www.youtube.com/watch?v=eRIoaAOGo8U,"Kato, Spyker, TOBSIK",Odyssey,"Track: Kato, Spyker, TOBSIK - Odyssey [NCS Release]
Music provided by NoCopyrightSounds.
Watch: https://youtu.be/eRIoaAOGo8U
Free Download / Stream: https://ncs.io/Odyssey"
281,282,NoCopyrightSounds,UC_aEa8K-EOJ3D6gOs7HcyNg,2022-02-15T14:09:27Z,Chris Later &amp; Dany Yeager - There&#39;s Nobody Else [NCS Release],3hXbjp-FcTc,Subscribe to NoCopyrightSounds http://ncs.lnk.to/SubscribeYouTube NCS (NoCopyrightSounds): Empowering Creators ...,https://www.youtube.com/watch?v=3hXbjp-FcTc,Chris Later &amp; Dany Yeager,There&#39;s Nobody Else,"Track: Chris Later \u0026 Dany Yeager - There's Nobody Else [NCS Release]
Music provided by NoCopyrightSounds.
Watch: https://youtu.be/3hXbjp-FcTc
Free Download / Stream: https://ncs.io/TheresNobodyElse"
282,283,NoCopyrightSounds,UC_aEa8K-EOJ3D6gOs7HcyNg,2022-02-19T14:07:30Z,Zack Merci - Ray of Light (feat. Nieko) [NCS Release],WdKMcRQmtqU,Subscribe to NoCopyrightSounds http://ncs.lnk.to/SubscribeYouTube NCS (NoCopyrightSounds): Empowering Creators ...,https://www.youtube.com/watch?v=WdKMcRQmtqU,Zack Merci,Ray of Light (feat. Nieko),"Track: Zack Merci - Ray of Light (feat. Nieko) [NCS Release]
Music provided by NoCopyrightSounds.
Watch: https://youtu.be/WdKMcRQmtqU
Free Download / Stream: https://ncs.io/RayOfLight"
283,284,NoCopyrightSounds,UC_aEa8K-EOJ3D6gOs7HcyNg,2022-03-01T14:15:09Z,Goodknight. - Freedom [NCS Release],zvrMzRVtj1s,Subscribe to NoCopyrightSounds http://ncs.lnk.to/SubscribeYouTube NCS (NoCopyrightSounds): Empowering Creators ...,https://www.youtube.com/watch?v=zvrMzRVtj1s,Goodknight.,Freedom,"Track: Goodknight. - Freedom [NCS Release]
Music provided by NoCopyrightSounds.
Watch: https://youtu.be/zvrMzRVtj1s
Free Download / Stream: https://ncs.io/GFreedom"
284,285,NoCopyrightSounds,UC_aEa8K-EOJ3D6gOs7HcyNg,2022-03-03T16:07:02Z,"Coopex, Nito-Onna &amp; DJ Frog - Whispered Promises [NCS Release]",xwcwExC4t7w,Subscribe to NoCopyrightSounds http://ncs.lnk.to/SubscribeYouTube NCS (NoCopyrightSounds): Empowering Creators ...,https://www.youtube.com/watch?v=xwcwExC4t7w,"Coopex, Nito-Onna &amp; DJ Frog",Whispered Promises,"Track: Coopex, Nito-Onna \u0026 DJ Frog - Whispered Promises [NCS Release]
Music provided by NoCopyrightSounds.
Watch: https://youtu.be/xwcwExC4t7w
Free Download / Stream: https://ncs.io/WhisperedPromises"
285,286,NoCopyrightSounds,UC_aEa8K-EOJ3D6gOs7HcyNg,2022-03-10T15:09:15Z,OBLVYN x RIELL - With You [NCS Release],xwgmycH8Yhk,Subscribe to NoCopyrightSounds http://ncs.lnk.to/SubscribeYouTube NCS (NoCopyrightSounds): Empowering Creators ...,https://www.youtube.com/watch?v=xwgmycH8Yhk,OBLVYN x RIELL,With You,"Track: OBLYVN x RIELL - With You [NCS Release]
Music provided by NoCopyrightSounds.
Watch: https://youtu.be/xwgmycH8Yhk
Free Download / Stream: https://ncs.io/ORWithYou"
286,287,NoCopyrightSounds,UC_aEa8K-EOJ3D6gOs7HcyNg,2022-03-12T15:09:02Z,Neoni - Haunted House [NCS Release],y2ewoCflHhY,Subscribe to NoCopyrightSounds http://ncs.lnk.to/SubscribeYouTube NCS (NoCopyrightSounds): Empowering Creators ...,https://www.youtube.com/watch?v=y2ewoCflHhY,Neoni,Haunted House,"Track: Neoni - Haunted - House [NCS Release]
Music provided by NoCopyrightSounds.
Watch: https://youtu.be/y2ewoCflHhY
Free Download / Stream: https://ncs.io/HauntedHouse"
287,288,NoCopyrightSounds,UC_aEa8K-EOJ3D6gOs7HcyNg,2022-03-19T15:15:04Z,NIVIRO - The Edge (feat. Harley Bird) [NCS Release],xr6iSSZs74Q,Subscribe to NoCopyrightSounds http://ncs.lnk.to/SubscribeYouTube NCS (NoCopyrightSounds): Empowering Creators ...,https://www.youtube.com/watch?v=xr6iSSZs74Q,NIVIRO,The Edge (feat. Harley Bird),"Track: NIVIRO - The Edge (feat. Harley Bird) [NCS Release]
Music provided by NoCopyrightSounds.
Watch: https://youtu.be/xr6iSSZs74Q
Free Download / Stream: https://ncs.io/TheEdge"
288,289,NoCopyrightSounds,UC_aEa8K-EOJ3D6gOs7HcyNg,2022-03-26T13:09:05Z,Cartoon &amp; Andromedik - Whatever (ft. Jri Pootsmann) [NCS Release],uDEy060DZXg,Subscribe to NoCopyrightSounds http://ncs.lnk.to/SubscribeYouTube NCS (NoCopyrightSounds): Empowering Creators ...,https://www.youtube.com/watch?v=uDEy060DZXg,Cartoon &amp; Andromedik,Whatever (ft. Jri Pootsmann),"Track: Cartoon \u0026 Andromedik - Whatever (ft. Jri Pootsmann) [NCS Release]
Music provided by NoCopyrightSounds.
Watch: https://youtu.be/uDEy060DZXg
Free Download / Stream: https://ncs.io/Whatever"
289,290,NoCopyrightSounds,UC_aEa8K-EOJ3D6gOs7HcyNg,2022-04-05T12:13:42Z,Zeneth &amp; Knoir - Beam (ft. Gabriella) [NCS Release],5lrWJnr7l5I,Subscribe to NoCopyrightSounds http://ncs.lnk.to/SubscribeYouTube NCS (NoCopyrightSounds): Empowering Creators ...,https://www.youtube.com/watch?v=5lrWJnr7l5I,Zeneth &amp; Knoir,Beam (ft. Gabriella),"Track: Zeneth \u0026 Knoir - Beam [NCS Release]
Music provided by NoCopyrightSounds.
Watch: https://youtu.be/5lrWJnr7l5I
Free Download / Stream: https://ncs.io/Beam"
290,291,NoCopyrightSounds,UC_aEa8K-EOJ3D6gOs7HcyNg,2022-04-09T12:09:53Z,Rival - Falling (with CRVN) [NCS Release],NIMlmq6jpnI,Subscribe to NoCopyrightSounds http://ncs.lnk.to/SubscribeYouTube NCS (NoCopyrightSounds): Empowering Creators ...,https://www.youtube.com/watch?v=NIMlmq6jpnI,Rival,Falling (with CRVN),"Track: Rival - Falling (with CRVN) [NCS Release]
Music provided by NoCopyrightSounds.
Watch: https://youtu.be/NIMlmq6jpnI
Free Download / Stream: https://ncs.io/RCFalling"
291,292,NoCopyrightSounds,UC_aEa8K-EOJ3D6gOs7HcyNg,2022-04-21T12:09:22Z,Elektronomia x Lunaar x Donna Tella - Champions [NCS Release],6m5L856DsdU,Subscribe to NoCopyrightSounds http://ncs.lnk.to/SubscribeYouTube NCS (NoCopyrightSounds): Empowering Creators ...,https://www.youtube.com/watch?v=6m5L856DsdU,Elektronomia x Lunaar x Donna Tella,Champions,"Track: Elektronomia x Lunaar x Donna Tella - Champions [NCS Release]
Music provided by NoCopyrightSounds.
Watch: https://youtu.be/6m5L856DsdU
Free Download / Stream: https://ncs.io/Champions"
292,293,NoCopyrightSounds,UC_aEa8K-EOJ3D6gOs7HcyNg,2022-04-23T12:09:42Z,Andromedik &amp; Used - Take Me [NCS Release],EIWyuA1eFd4,Subscribe to NoCopyrightSounds http://ncs.lnk.to/SubscribeYouTube NCS (NoCopyrightSounds): Empowering Creators ...,https://www.youtube.com/watch?v=EIWyuA1eFd4,Andromedik &amp; Used,Take Me,"Track: Andromedik \u0026 Used - Take Me [NCS Release]
Music provided by NoCopyrightSounds.
Watch: https://youtu.be/EIWyuA1eFd4
Free Download / Stream: https://ncs.io/TakeMe"
293,294,NoCopyrightSounds,UC_aEa8K-EOJ3D6gOs7HcyNg,2022-04-26T12:08:43Z,Wiguez - Pray Tonight (ft. P-One) [NCS Release],HRWY427zhqY,Subscribe to NoCopyrightSounds http://ncs.lnk.to/SubscribeYouTube NCS (NoCopyrightSounds): Empowering Creators ...,https://www.youtube.com/watch?v=HRWY427zhqY,Wiguez,Pray Tonight (ft. P-One),"Track: Wiguez - Pray Tonight (Ft. P-One) [NCS Release]
Music provided by NoCopyrightSounds.
Watch: https://youtu.be/HRWY427zhqY
Free Download / Stream: https://ncs.io/PrayTonight"
294,295,NoCopyrightSounds,UC_aEa8K-EOJ3D6gOs7HcyNg,2022-04-30T12:09:48Z,"Egzod, Maestro Chives &amp; Alaina Cross - No Rival [NCS Release]",KbC5_JEhqL8,Subscribe to NoCopyrightSounds http://ncs.lnk.to/SubscribeYouTube NCS (NoCopyrightSounds): Empowering Creators ...,https://www.youtube.com/watch?v=KbC5_JEhqL8,"Egzod, Maestro Chives &amp; Alaina Cross",No Rival,"Track: Egzod, Maestro Chives \u0026 Alaina Cross - No Rival [NCS Release]
Music provided by NoCopyrightSounds.
Watch: https://youtu.be/KbC5_JEhqL8
Free Download / Stream: https://ncs.io/NoRival"
295,296,NoCopyrightSounds,UC_aEa8K-EOJ3D6gOs7HcyNg,2022-05-07T13:09:55Z,Tobu - If I Disappear (ft. Tom Mrtensson) [NCS Release],iHA1utIzpws,Subscribe to NoCopyrightSounds http://ncs.lnk.to/SubscribeYouTube NCS (NoCopyrightSounds): Empowering Creators ...,https://www.youtube.com/watch?v=iHA1utIzpws,Tobu,If I Disappear (ft. Tom Mrtensson),"Track: Tobu - If I Disappear (ft. Tom Mrtensson) [NCS Release]
Music provided by NoCopyrightSounds.
Watch: https://youtu.be/iHA1utIzpws
Free Download / Stream: http://NCS.io/ifidisappear"
296,297,NoCopyrightSounds,UC_aEa8K-EOJ3D6gOs7HcyNg,2022-05-14T13:09:01Z,Egzod &amp; Arcando - Runaway (feat. Mathew V) [NCS Release],Ak5oJcXSnQw,Subscribe to NoCopyrightSounds http://ncs.lnk.to/SubscribeYouTube NCS (NoCopyrightSounds): Empowering Creators ...,https://www.youtube.com/watch?v=Ak5oJcXSnQw,Egzod &amp; Arcando,Runaway (feat. Mathew V),"Track: Egzod \u0026 Arcando - Runaway (feat. Mathew V) [NCS Release]
Music provided by NoCopyrightSounds.
Watch: https://youtu.be/Ak5oJcXSnQw
Free Download / Stream: http://NCS.io/EgArMat_Runaway"
297,298,NoCopyrightSounds,UC_aEa8K-EOJ3D6gOs7HcyNg,2022-05-21T13:09:31Z,Cajama - You Did Me Wrong [NCS Release],WroIBvPu5tw,Subscribe to NoCopyrightSounds http://ncs.lnk.to/SubscribeYouTube NCS (NoCopyrightSounds): Empowering Creators ...,https://www.youtube.com/watch?v=WroIBvPu5tw,Cajama,You Did Me Wrong,"Track: Cajama - You Did Me Wrong [NCS Release]
Music provided by NoCopyrightSounds.
Watch: https://youtu.be/WroIBvPu5tw
Free Download / Stream: http://NCS.io/YouDidMeWrong"
298,299,NoCopyrightSounds,UC_aEa8K-EOJ3D6gOs7HcyNg,2022-05-31T13:22:23Z,Evanly - Hurt Me [NCS Release],4zogKO1sDBE,Subscribe to NoCopyrightSounds http://ncs.lnk.to/SubscribeYouTube NCS (NoCopyrightSounds): Empowering Creators ...,https://www.youtube.com/watch?v=4zogKO1sDBE,Evanly,Hurt Me,"Track: Evanly - Hurt Me [NCS Release]
Music provided by NoCopyrightSounds.
Watch: https://youtu.be/4zogKO1sDBE
Free Download / Stream: http://NCS.io/HurtMe"
299,300,NoCopyrightSounds,UC_aEa8K-EOJ3D6gOs7HcyNg,2022-06-04T13:09:50Z,Everen Maxwell - A Day at Sea [NCS Release],cOKydzQPXuE,Subscribe to NoCopyrightSounds http://ncs.lnk.to/SubscribeYouTube NCS (NoCopyrightSounds): Empowering Creators ...,https://www.youtube.com/watch?v=cOKydzQPXuE,Everen Maxwell,A Day at Sea,"Track: Everen Maxwell - A Day at Sea [NCS Release]
Music provided by NoCopyrightSounds.
Watch: https://youtu.be/cOKydzQPXuE
Free Download / Stream: http://NCS.io/ADayAtSea"
300,301,NoCopyrightSounds,UC_aEa8K-EOJ3D6gOs7HcyNg,2022-06-09T13:30:36Z,Tetrix Bass &amp; ROY KNOX - When I&#39;m Gone (feat. Ellen Louise) [NCS Release],z4RfRxxz5lw,Subscribe to NoCopyrightSounds http://ncs.lnk.to/SubscribeYouTube NCS (NoCopyrightSounds): Empowering Creators ...,https://www.youtube.com/watch?v=z4RfRxxz5lw,Tetrix Bass &amp; ROY KNOX,When I&#39;m Gone (feat. Ellen Louise),"Track: Tetrix Bass \u0026 ROY KNOX - When I'm Gone (Feat. Ellen Louise) [NCS Release]
Music provided by NoCopyrightSounds.
Watch: https://youtu.be/z4RfRxxz5lw
Free Download / Stream: http://NCS.io/TBWhenImGone"
301,302,NoCopyrightSounds,UC_aEa8K-EOJ3D6gOs7HcyNg,2022-06-18T13:09:56Z,Zack Merci - BOUNCE! (feat. Nieko) [NCS Release],4KQwiUTQgCM,Subscribe to NoCopyrightSounds http://ncs.lnk.to/SubscribeYouTube NCS (NoCopyrightSounds): Empowering Creators ...,https://www.youtube.com/watch?v=4KQwiUTQgCM,Zack Merci,BOUNCE! (feat. Nieko),"Track: Zack Merci - BOUNCE! (feat. Nieko) [NCS Release]
Music provided by NoCopyrightSounds.
Watch: https://youtu.be/4KQwiUTQgCM
Free Download / Stream: http://NCS.io/BOUNCE"
302,303,NoCopyrightSounds,UC_aEa8K-EOJ3D6gOs7HcyNg,2022-06-25T13:27:50Z,More Plastic &amp; VinDon - Patience [NCS Release],Lxf65uhlR6s,Subscribe to NoCopyrightSounds http://ncs.lnk.to/SubscribeYouTube NCS (NoCopyrightSounds): Empowering Creators ...,https://www.youtube.com/watch?v=Lxf65uhlR6s,More Plastic &amp; VinDon,Patience,"Track: More Plastic \u0026 VinDon - Patience [NCS Release]
Music provided by NoCopyrightSounds.
Watch: https://youtu.be/Lxf65uhlR6s
Free Download / Stream: http://NCS.io/Patience"
303,304,NoCopyrightSounds,UC_aEa8K-EOJ3D6gOs7HcyNg,2022-06-28T13:27:56Z,"SFRNG, Madzi, Just Isac &amp; Custody - No Way Back [NCS Release]",6ln2xuKfFFw,Subscribe to NoCopyrightSounds http://ncs.lnk.to/SubscribeYouTube NCS (NoCopyrightSounds): Empowering Creators ...,https://www.youtube.com/watch?v=6ln2xuKfFFw,"SFRNG, Madzi, Just Isac &amp; Custody",No Way Back,"Track: SFRNG, Madzi, Just Isac \u0026 Custody - No Way Back [NCS Release]
Music provided by NoCopyrightSounds.
Watch: https://youtu.be/6ln2xuKfFFw
Free Download / Stream: http://NCS.io/NoWayBack"
304,305,NoCopyrightSounds,UC_aEa8K-EOJ3D6gOs7HcyNg,2022-07-01T14:07:19Z,Razihel - Faster [NCS Release],ywwTbMd_scc,Subscribe to NoCopyrightSounds http://ncs.lnk.to/SubscribeYouTube NCS (NoCopyrightSounds): Empowering Creators ...,https://www.youtube.com/watch?v=ywwTbMd_scc,Razihel,Faster,"Track: Razihel - Faster [NCS Release]
Music provided by NoCopyrightSounds.
Watch: https://youtu.be/ywwTbMd_scc
Free Download / Stream: http://NCS.io/Faster"
305,306,NoCopyrightSounds,UC_aEa8K-EOJ3D6gOs7HcyNg,2022-07-02T13:09:00Z,Everen Maxwell - Hyperphantasia [NCS Release],X1pFJbaAO6o,Subscribe to NoCopyrightSounds http://ncs.lnk.to/SubscribeYouTube NCS (NoCopyrightSounds): Empowering Creators ...,https://www.youtube.com/watch?v=X1pFJbaAO6o,Everen Maxwell,Hyperphantasia,"Track: Everen Maxwell - Hyperphantasia [NCS Release]
Music provided by NoCopyrightSounds.
Watch: https://youtu.be/X1pFJbaAO6o
Free Download / Stream: http://NCS.io/Hyperphantasia"
306,307,NoCopyrightSounds,UC_aEa8K-EOJ3D6gOs7HcyNg,2022-07-07T13:02:27Z,Zack Merci X CRVN - Nobody [NCS Release],juYcyMJMu6I,Subscribe to NoCopyrightSounds http://ncs.lnk.to/SubscribeYouTube NCS (NoCopyrightSounds): Empowering Creators ...,https://www.youtube.com/watch?v=juYcyMJMu6I,Zack Merci X CRVN,Nobody,"Track: Zack Merci X CRVN - Nobody [NCS Release]
Music provided by NoCopyrightSounds.
Watch: https://youtu.be/juYcyMJMu6I
Free Download / Stream: http://NCS.io/ZMCNobody"
307,308,NoCopyrightSounds,UC_aEa8K-EOJ3D6gOs7HcyNg,2022-07-08T13:25:29Z,JNATHYN - Dioma (Demo TikTok Version) [NCS Release],unDpp7Z9mMw,Subscribe to NoCopyrightSounds http://ncs.lnk.to/SubscribeYouTube NCS (NoCopyrightSounds): Empowering Creators ...,https://www.youtube.com/watch?v=unDpp7Z9mMw,JNATHYN,Dioma (Demo TikTok Version),"Track: JNATHYN - Dioma (Demo TikTok Version) [NCS Release]
Music provided by NoCopyrightSounds.
Watch: https://youtu.be/unDpp7Z9mMw
Free Download / Stream: http://NCS.lnk.to/DiomaDemo"
308,309,NoCopyrightSounds,UC_aEa8K-EOJ3D6gOs7HcyNg,2022-07-19T13:09:00Z,"Arya, borne &amp; Lynzz - Need U [NCS Release]",VAu2OnFzHzU,Subscribe to NoCopyrightSounds http://ncs.lnk.to/SubscribeYouTube NCS / NoCopyrightSounds: Empowering Creators ...,https://www.youtube.com/watch?v=VAu2OnFzHzU,"Arya, borne &amp; Lynzz",Need U,"Track: Arya, borne \u0026 Lynzz - Need U [NCS Release]
Music provided by NoCopyrightSounds.
Watch: https://youtu.be/VAu2OnFzHzU
Free Download / Stream: http://ncs.io/NeedU"
309,310,NoCopyrightSounds,UC_aEa8K-EOJ3D6gOs7HcyNg,2022-07-21T13:09:00Z,Gelow &amp; BPRTS - Sunshine [NCS Release],iyBbQJxEH6Y,Subscribe to NoCopyrightSounds http://ncs.lnk.to/SubscribeYouTube NCS / NoCopyrightSounds: Empowering Creators ...,https://www.youtube.com/watch?v=iyBbQJxEH6Y,Gelow &amp; BPRTS,Sunshine,"Track: Gelow \u0026 BPRTS - Sunshine [NCS Release]
Music provided by NoCopyrightSounds.
Watch: https://youtu.be/iyBbQJxEH6Y
Free Download / Stream: http://ncs.io/Sunshine"
310,311,NoCopyrightSounds,UC_aEa8K-EOJ3D6gOs7HcyNg,2022-07-23T13:09:00Z,Papa Khan - AWOL [NCS Release],Mz-dKoUPFuk,Subscribe to NoCopyrightSounds http://ncs.lnk.to/SubscribeYouTube NCS / NoCopyrightSounds: Empowering Creators ...,https://www.youtube.com/watch?v=Mz-dKoUPFuk,Papa Khan,AWOL,"Track: Papa Khan - AWOL [NCS Release]
Music provided by NoCopyrightSounds.
Watch: https://youtu.be/Mz-dKoUPFuk
Free Download / Stream: http://ncs.io/AWOL"
311,312,NoCopyrightSounds,UC_aEa8K-EOJ3D6gOs7HcyNg,2022-07-26T13:21:59Z,Near x Far - Not Enough [NCS Release],Phei4a-uCiQ,Subscribe to NoCopyrightSounds http://ncs.lnk.to/SubscribeYouTube NCS / NoCopyrightSounds: Empowering Creators ...,https://www.youtube.com/watch?v=Phei4a-uCiQ,Near x Far,Not Enough,"Track: Near x Far - Not Enough [NCS Release]
Music provided by NoCopyrightSounds.
Watch: https://youtu.be/Phei4a-uCiQ
Free Download / Stream: http://ncs.io/NotEnough"
312,313,NoCopyrightSounds,UC_aEa8K-EOJ3D6gOs7HcyNg,2022-07-29T13:09:00Z,Syn Cole - Need Ya [NCS Release],QGsxW6m5Dec,Subscribe to NoCopyrightSounds http://ncs.lnk.to/SubscribeYouTube NCS / NoCopyrightSounds: Empowering Creators ...,https://www.youtube.com/watch?v=QGsxW6m5Dec,Syn Cole,Need Ya,"Track: Syn Cole - Need Ya [NCS Release]
Music provided by NoCopyrightSounds.
Watch: https://youtu.be/QGsxW6m5Dec
Free Download / Stream: http://NCS.io/NeedYa"
313,314,NoCopyrightSounds,UC_aEa8K-EOJ3D6gOs7HcyNg,2022-07-30T13:12:24Z,JJD &amp; Division One - Somebody Like Me (feat. Halvorsen) [NCS Release],9CLrRSIlJ9w,Subscribe to NoCopyrightSounds http://ncs.lnk.to/SubscribeYouTube NCS / NoCopyrightSounds: Empowering Creators ...,https://www.youtube.com/watch?v=9CLrRSIlJ9w,JJD &amp; Division One,Somebody Like Me (feat. Halvorsen),"Track: JJD \u0026 Division One - Somebody Like Me (feat. Halvorsen) [NCS Release]
Music provided by NoCopyrightSounds.
Watch: https://youtu.be/9CLrRSIlJ9w
Free Download / Stream: http://NCS.io/JJDSomebody"
314,315,NoCopyrightSounds,UC_aEa8K-EOJ3D6gOs7HcyNg,2022-08-04T13:16:19Z,CADMIUM X JAMZ X SIMONNE - Believe Me [NCS Release],wa7D1AvYYU0,Subscribe to NoCopyrightSounds http://ncs.lnk.to/SubscribeYouTube NCS / NoCopyrightSounds: Empowering Creators ...,https://www.youtube.com/watch?v=wa7D1AvYYU0,CADMIUM X JAMZ X SIMONNE,Believe Me,"Track: CADMIUM X JAMZ X SIMONNE - Believe Me [NCS Release]
Music provided by NoCopyrightSounds.
Watch: https://youtu.be/wa7D1AvYYU0
Free Download / Stream: http://NCS.io/CJSBelieveMe"
315,316,NoCopyrightSounds,UC_aEa8K-EOJ3D6gOs7HcyNg,2022-08-09T13:09:58Z,Jim Yosef - Samurai [NCS Release],EZUPEoj3Qjs,Subscribe to NoCopyrightSounds http://ncs.lnk.to/SubscribeYouTube NCS / NoCopyrightSounds: Empowering Creators ...,https://www.youtube.com/watch?v=EZUPEoj3Qjs,Jim Yosef,Samurai,"Track: Jim Yosef - Samurai [NCS Release]
Music provided by NoCopyrightSounds.
Watch:
Free Download / Stream: http://NCS.io/Samurai"
316,317,NoCopyrightSounds,UC_aEa8K-EOJ3D6gOs7HcyNg,2022-08-11T13:09:00Z,Lost Sky x She Is Jules - Darkness [NCS Release],U36yhLuT1bg,Subscribe to NoCopyrightSounds http://ncs.lnk.to/SubscribeYouTube NCS / NoCopyrightSounds: Empowering Creators ...,https://www.youtube.com/watch?v=U36yhLuT1bg,Lost Sky x She Is Jules,Darkness,"Track: Lost Sky x She Is Jules - Darkness [NCS Release]
Music provided by NoCopyrightSounds.
Watch: https://youtu.be/U36yhLuT1bg
Free Download / Stream: http://NCS.io/Darkness"
317,318,NoCopyrightSounds,UC_aEa8K-EOJ3D6gOs7HcyNg,2022-08-12T13:43:24Z,Tobu - Memory Lane [NCS Release],9YJk3tTDSXA,Subscribe to NoCopyrightSounds http://ncs.lnk.to/SubscribeYouTube NCS / NoCopyrightSounds: Empowering Creators ...,https://www.youtube.com/watch?v=9YJk3tTDSXA,Tobu,Memory Lane,"Track: Tobu - Memory Lane [NCS Release]
Music provided by NoCopyrightSounds.
Watch: https://youtu.be/9YJk3tTDSXA
Free Download / Stream: http://NCS.io/MemoryLane"
318,319,NoCopyrightSounds,UC_aEa8K-EOJ3D6gOs7HcyNg,2022-08-13T13:04:44Z,Electro-Light - Symbolism pt. III [NCS Release],pKKSdiDuSDY,Subscribe to NoCopyrightSounds http://ncs.lnk.to/SubscribeYouTube NCS / NoCopyrightSounds: Empowering Creators ...,https://www.youtube.com/watch?v=pKKSdiDuSDY,Electro-Light,Symbolism pt. III,"Track: Electro-Light - Symbolism pt. III [NCS Release]
Music provided by NoCopyrightSounds.
Watch: https://youtu.be/pKKSdiDuSDY
Free Download / Stream: http://NCS.io/SymbolismIII"
319,320,NoCopyrightSounds,UC_aEa8K-EOJ3D6gOs7HcyNg,2022-08-16T13:35:11Z,Axel Oliver x THEBOYWITHSPEC - Survive [NCS Release],S_o2R5jtO1g,Subscribe to NoCopyrightSounds http://ncs.lnk.to/SubscribeYouTube NCS / NoCopyrightSounds: Empowering Creators ...,https://www.youtube.com/watch?v=S_o2R5jtO1g,Axel Oliver x THEBOYWITHSPEC,Survive,"Track: Axel Oliver x THEBOYWITHSPEC - Survive [NCS Release]
Music provided by NoCopyrightSounds.
Watch: https://youtu.be/S_o2R5jtO1g
Free Download / Stream: http://NCS.io/AOSurvive"
320,321,NoCopyrightSounds,UC_aEa8K-EOJ3D6gOs7HcyNg,2022-08-20T13:57:37Z,Elektronomia x Stahl x RUD - Caramel [NCS Release],1pOBa1Cf1k8,Subscribe to NoCopyrightSounds http://ncs.lnk.to/SubscribeYouTube NCS / NoCopyrightSounds: Empowering Creators ...,https://www.youtube.com/watch?v=1pOBa1Cf1k8,Elektronomia x Stahl x RUD,Caramel,"Track: Elektronomia x Stahl x RUD - Caramel [NCS Release]
Music provided by NoCopyrightSounds.
Watch: https://youtu.be/1pOBa1Cf1k8
Free Download / Stream: http://NCS.io/Caramel"
